#
# There is insufficient memory for the Java Runtime Environment to continue.
# Native memory allocation (malloc) failed to allocate 1048576 bytes for AllocateHeap
# Possible reasons:
#   The system is out of physical RAM or swap space
#   The process is running with CompressedOops enabled, and the Java Heap may be blocking the growth of the native heap
# Possible solutions:
#   Reduce memory load on the system
#   Increase physical memory or swap space
#   Check if swap backing store is full
#   Decrease Java heap size (-Xmx/-Xms)
#   Decrease number of Java threads
#   Decrease Java thread stack sizes (-Xss)
#   Set larger code cache with -XX:ReservedCodeCacheSize=
#   JVM is running with Zero Based Compressed Oops mode in which the Java heap is
#     placed in the first 32GB address space. The Java Heap base address is the
#     maximum limit for the native heap growth. Please use -XX:HeapBaseMinAddress
#     to set the Java Heap base and to place the Java Heap above 32GB virtual address.
# This output file may be truncated or incomplete.
#
#  Out of Memory Error (allocation.cpp:44), pid=31148, tid=32016
#
# JRE version: Java(TM) SE Runtime Environment (17.0.12+8) (build 17.0.12+8-LTS-286)
# Java VM: Java HotSpot(TM) 64-Bit Server VM (17.0.12+8-LTS-286, mixed mode, sharing, tiered, compressed oops, compressed class ptrs, g1 gc, windows-amd64)
# No core dump will be written. Minidumps are not enabled by default on client versions of Windows
#

---------------  S U M M A R Y ------------

Command Line: -Xmx16g -XX:+IgnoreUnrecognizedVMOptions --add-opens=java.base/java.lang=ALL-UNNAMED --add-opens=java.base/java.lang.invoke=ALL-UNNAMED --add-opens=java.base/java.lang.reflect=ALL-UNNAMED --add-opens=java.base/java.io=ALL-UNNAMED --add-opens=java.base/java.net=ALL-UNNAMED --add-opens=java.base/java.nio=ALL-UNNAMED --add-opens=java.base/java.util=ALL-UNNAMED --add-opens=java.base/java.util.concurrent=ALL-UNNAMED --add-opens=java.base/java.util.concurrent.atomic=ALL-UNNAMED --add-opens=java.base/jdk.internal.ref=ALL-UNNAMED --add-opens=java.base/sun.nio.ch=ALL-UNNAMED --add-opens=java.base/sun.nio.cs=ALL-UNNAMED --add-opens=java.base/sun.security.action=ALL-UNNAMED --add-opens=java.base/sun.util.calendar=ALL-UNNAMED --add-opens=java.security.jgss/sun.security.krb5=ALL-UNNAMED -Djdk.reflect.useDirectMethodHandle=false org.apache.spark.deploy.SparkSubmit --conf spark.executor.memory=32g --conf spark.driver.memory=16g --conf spark.local.dir=E:\Apache Spark\spark-temp --conf spark.app.name=MovieRecommender_SQL_Movielens --conf spark.jars=D:\MySQL\MySQL ConnectorJ\mysql-connector-j-8.4.0\mysql-connector-j-8.4.0\mysql-connector-j-8.4.0.jar pyspark-shell

Host: 12th Gen Intel(R) Core(TM) i7-12650H, 16 cores, 15G,  Windows 11 , 64 bit Build 22621 (10.0.22621.4974)
Time: Sun Apr  6 16:33:37 2025  Windows 11 , 64 bit Build 22621 (10.0.22621.4974) elapsed time: 3304.261970 seconds (0d 0h 55m 4s)

---------------  T H R E A D  ---------------

Current thread (0x000001926753c090):  VMThread "VM Thread" [stack: 0x0000000100c00000,0x0000000100d00000] [id=32016]

Stack: [0x0000000100c00000,0x0000000100d00000]
Native frames: (J=compiled Java code, j=interpreted, Vv=VM code, C=native code)
V  [jvm.dll+0x67a04a]
V  [jvm.dll+0x7da4ed]
V  [jvm.dll+0x7dbe33]
V  [jvm.dll+0x7dc4a3]
V  [jvm.dll+0x24508f]
V  [jvm.dll+0xa5e2b]
V  [jvm.dll+0x2f31c3]
V  [jvm.dll+0x2ef140]
V  [jvm.dll+0x2d78d7]
V  [jvm.dll+0x31a6f7]
V  [jvm.dll+0x7e0d9b]
V  [jvm.dll+0x7e1ad4]
V  [jvm.dll+0x7e1fed]
V  [jvm.dll+0x7e23c4]
V  [jvm.dll+0x7e2490]
V  [jvm.dll+0x78abea]
V  [jvm.dll+0x678f35]
C  [ucrtbase.dll+0x29333]
C  [KERNEL32.DLL+0x1259d]
C  [ntdll.dll+0x5af38]

VM_Operation (0x00000001063fee70): G1CollectFull, mode: safepoint, requested by thread 0x00000192b2b7c720


---------------  P R O C E S S  ---------------

Threads class SMR info:
_java_thread_list=0x00000192b0e43be0, length=79, elements={
0x00000192282f7e60, 0x000001926753ea90, 0x000001926a4744c0, 0x000001926a48acd0,
0x000001926a48b5a0, 0x000001926a48be70, 0x000001926a48e750, 0x000001926a48f400,
0x000001926a491dd0, 0x000001926a4926e0, 0x000001926a70d450, 0x000001926a711940,
0x00000192b2973010, 0x00000192b22b9870, 0x00000192b0d442f0, 0x00000192b15380f0,
0x00000192b1535360, 0x00000192b1538600, 0x00000192b1535870, 0x00000192b15367a0,
0x00000192b1534e50, 0x00000192b1536cb0, 0x00000192b15376d0, 0x00000192b1537be0,
0x00000192b2850cc0, 0x00000192b2853030, 0x00000192b284fd90, 0x00000192b28511d0,
0x00000192b28507b0, 0x00000192b2853540, 0x00000192b2853a50, 0x00000192b28516e0,
0x00000192b2852610, 0x00000192b28558b0, 0x00000192b2851bf0, 0x00000192b2855dc0,
0x00000192b28562d0, 0x00000192b28567e0, 0x00000192b2857200, 0x00000192b2853f60,
0x00000192b2856cf0, 0x00000192b2857710, 0x00000192b2852b20, 0x00000192b2854980,
0x00000192b2854e90, 0x00000192b28553a0, 0x00000192b28502a0, 0x00000192b26b59d0,
0x00000192b26b6e10, 0x00000192b26b4aa0, 0x00000192b26b5ee0, 0x00000192b26b4fb0,
0x00000192b26b6900, 0x00000192b26b7830, 0x00000192b26b7320, 0x00000192b26b63f0,
0x00000192b26b7d40, 0x00000192b26b8250, 0x00000192b26b54c0, 0x00000192b2b808f0,
0x00000192b2b80e00, 0x00000192b2b81310, 0x00000192b2b7a3b0, 0x00000192b2b7a8c0,
0x00000192b2b7d140, 0x00000192b2b7e070, 0x00000192b2b7e580, 0x00000192b2b7f4b0,
0x00000192b2b7c720, 0x00000192b2b7add0, 0x00000192b2b7b7f0, 0x00000192b2b7b2e0,
0x00000192b35adc50, 0x00000192b470c520, 0x00000192b447c6d0, 0x00000192b44808a0,
0x00000192b447ad80, 0x00000192b1506750, 0x00000192bb2bd250
}

Java Threads: ( => current thread )
  0x00000192282f7e60 JavaThread "main" [_thread_in_native, id=25108, stack(0x0000000100600000,0x0000000100700000)]
  0x000001926753ea90 JavaThread "Reference Handler" daemon [_thread_blocked, id=24116, stack(0x0000000100d00000,0x0000000100e00000)]
  0x000001926a4744c0 JavaThread "Finalizer" daemon [_thread_blocked, id=31888, stack(0x0000000100e00000,0x0000000100f00000)]
  0x000001926a48acd0 JavaThread "Signal Dispatcher" daemon [_thread_blocked, id=25472, stack(0x0000000100f00000,0x0000000101000000)]
  0x000001926a48b5a0 JavaThread "Attach Listener" daemon [_thread_blocked, id=34288, stack(0x0000000101000000,0x0000000101100000)]
  0x000001926a48be70 JavaThread "Service Thread" daemon [_thread_blocked, id=16948, stack(0x0000000101100000,0x0000000101200000)]
  0x000001926a48e750 JavaThread "Monitor Deflation Thread" daemon [_thread_blocked, id=33616, stack(0x0000000101200000,0x0000000101300000)]
  0x000001926a48f400 JavaThread "C2 CompilerThread0" daemon [_thread_blocked, id=34884, stack(0x0000000101300000,0x0000000101400000)]
  0x000001926a491dd0 JavaThread "C1 CompilerThread0" daemon [_thread_blocked, id=36200, stack(0x0000000101400000,0x0000000101500000)]
  0x000001926a4926e0 JavaThread "Sweeper thread" daemon [_thread_blocked, id=30988, stack(0x0000000101500000,0x0000000101600000)]
  0x000001926a70d450 JavaThread "Common-Cleaner" daemon [_thread_blocked, id=37844, stack(0x0000000101700000,0x0000000101800000)]
  0x000001926a711940 JavaThread "Notification Thread" daemon [_thread_blocked, id=5888, stack(0x0000000101800000,0x0000000101900000)]
  0x00000192b2973010 JavaThread "org.apache.hadoop.fs.FileSystem$Statistics$StatisticsDataReferenceCleaner" daemon [_thread_blocked, id=28580, stack(0x0000000102c00000,0x0000000102d00000)]
  0x00000192b22b9870 JavaThread "Thread-2" [_thread_in_native, id=27024, stack(0x0000000102d00000,0x0000000102e00000)]
  0x00000192b0d442f0 JavaThread "Thread-3" [_thread_in_native, id=37736, stack(0x0000000102100000,0x0000000102200000)]
  0x00000192b15380f0 JavaThread "rpc-boss-3-1" daemon [_thread_in_native, id=13952, stack(0x0000000102e00000,0x0000000102f00000)]
  0x00000192b1535360 JavaThread "dispatcher-event-loop-0" daemon [_thread_blocked, id=30212, stack(0x0000000102f00000,0x0000000103000000)]
  0x00000192b1538600 JavaThread "dispatcher-event-loop-1" daemon [_thread_blocked, id=13396, stack(0x0000000103000000,0x0000000103100000)]
  0x00000192b1535870 JavaThread "dispatcher-event-loop-2" daemon [_thread_blocked, id=23464, stack(0x0000000103100000,0x0000000103200000)]
  0x00000192b15367a0 JavaThread "dispatcher-event-loop-3" daemon [_thread_blocked, id=24836, stack(0x0000000103200000,0x0000000103300000)]
  0x00000192b1534e50 JavaThread "dispatcher-event-loop-4" daemon [_thread_blocked, id=34252, stack(0x0000000103300000,0x0000000103400000)]
  0x00000192b1536cb0 JavaThread "dispatcher-event-loop-5" daemon [_thread_blocked, id=29300, stack(0x0000000103400000,0x0000000103500000)]
  0x00000192b15376d0 JavaThread "dispatcher-event-loop-6" daemon [_thread_blocked, id=35864, stack(0x0000000103500000,0x0000000103600000)]
  0x00000192b1537be0 JavaThread "dispatcher-event-loop-7" daemon [_thread_blocked, id=30440, stack(0x0000000103600000,0x0000000103700000)]
  0x00000192b2850cc0 JavaThread "dispatcher-event-loop-8" daemon [_thread_blocked, id=14976, stack(0x0000000103700000,0x0000000103800000)]
  0x00000192b2853030 JavaThread "dispatcher-event-loop-9" daemon [_thread_blocked, id=32832, stack(0x0000000103800000,0x0000000103900000)]
  0x00000192b284fd90 JavaThread "dispatcher-event-loop-10" daemon [_thread_blocked, id=2284, stack(0x0000000103900000,0x0000000103a00000)]
  0x00000192b28511d0 JavaThread "dispatcher-event-loop-11" daemon [_thread_blocked, id=21832, stack(0x0000000103a00000,0x0000000103b00000)]
  0x00000192b28507b0 JavaThread "dispatcher-event-loop-12" daemon [_thread_blocked, id=26472, stack(0x0000000103b00000,0x0000000103c00000)]
  0x00000192b2853540 JavaThread "dispatcher-event-loop-13" daemon [_thread_blocked, id=9896, stack(0x0000000103c00000,0x0000000103d00000)]
  0x00000192b2853a50 JavaThread "dispatcher-event-loop-14" daemon [_thread_blocked, id=15548, stack(0x0000000103d00000,0x0000000103e00000)]
  0x00000192b28516e0 JavaThread "dispatcher-event-loop-15" daemon [_thread_blocked, id=28160, stack(0x0000000103e00000,0x0000000103f00000)]
  0x00000192b2852610 JavaThread "map-output-dispatcher-0" daemon [_thread_blocked, id=17432, stack(0x0000000103f00000,0x0000000104000000)]
  0x00000192b28558b0 JavaThread "map-output-dispatcher-1" daemon [_thread_blocked, id=37644, stack(0x0000000104000000,0x0000000104100000)]
  0x00000192b2851bf0 JavaThread "map-output-dispatcher-2" daemon [_thread_blocked, id=37196, stack(0x0000000104100000,0x0000000104200000)]
  0x00000192b2855dc0 JavaThread "map-output-dispatcher-3" daemon [_thread_blocked, id=17808, stack(0x0000000104200000,0x0000000104300000)]
  0x00000192b28562d0 JavaThread "map-output-dispatcher-4" daemon [_thread_blocked, id=20652, stack(0x0000000104300000,0x0000000104400000)]
  0x00000192b28567e0 JavaThread "map-output-dispatcher-5" daemon [_thread_blocked, id=35148, stack(0x0000000104400000,0x0000000104500000)]
  0x00000192b2857200 JavaThread "map-output-dispatcher-6" daemon [_thread_blocked, id=14880, stack(0x0000000104500000,0x0000000104600000)]
  0x00000192b2853f60 JavaThread "map-output-dispatcher-7" daemon [_thread_blocked, id=13872, stack(0x0000000104600000,0x0000000104700000)]
  0x00000192b2856cf0 JavaThread "dispatcher-BlockManagerMaster" daemon [_thread_blocked, id=34220, stack(0x0000000104700000,0x0000000104800000)]
  0x00000192b2857710 JavaThread "dispatcher-BlockManagerEndpoint1" daemon [_thread_blocked, id=14816, stack(0x0000000104800000,0x0000000104900000)]
  0x00000192b2852b20 JavaThread "RemoteBlock-temp-file-clean-thread" daemon [_thread_blocked, id=15964, stack(0x0000000104900000,0x0000000104a00000)]
  0x00000192b2854980 JavaThread "refresh progress" daemon [_thread_blocked, id=28440, stack(0x0000000104a00000,0x0000000104b00000)]
  0x00000192b2854e90 JavaThread "SparkUI-58" daemon [_thread_in_native, id=13684, stack(0x0000000104b00000,0x0000000104c00000)]
  0x00000192b28553a0 JavaThread "SparkUI-59" daemon [_thread_in_native, id=16392, stack(0x0000000104c00000,0x0000000104d00000)]
  0x00000192b28502a0 JavaThread "SparkUI-60" daemon [_thread_in_native, id=26112, stack(0x0000000104d00000,0x0000000104e00000)]
  0x00000192b26b59d0 JavaThread "SparkUI-61" daemon [_thread_in_native, id=15344, stack(0x0000000104e00000,0x0000000104f00000)]
  0x00000192b26b6e10 JavaThread "SparkUI-62" daemon [_thread_in_native, id=19308, stack(0x0000000104f00000,0x0000000105000000)]
  0x00000192b26b4aa0 JavaThread "SparkUI-63" daemon [_thread_in_native, id=19844, stack(0x0000000105000000,0x0000000105100000)]
  0x00000192b26b5ee0 JavaThread "SparkUI-64" daemon [_thread_in_native, id=36396, stack(0x0000000105100000,0x0000000105200000)]
  0x00000192b26b4fb0 JavaThread "SparkUI-65" daemon [_thread_in_native, id=22940, stack(0x0000000105200000,0x0000000105300000)]
  0x00000192b26b6900 JavaThread "SparkUI-66-acceptor-0@2792dffd-ServerConnector@2955357f{HTTP/1.1, (http/1.1)}{0.0.0.0:4041}" daemon [_thread_in_native, id=18180, stack(0x0000000105300000,0x0000000105400000)]
  0x00000192b26b7830 JavaThread "SparkUI-67-acceptor-1@48f57273-ServerConnector@2955357f{HTTP/1.1, (http/1.1)}{0.0.0.0:4041}" daemon [_thread_blocked, id=15284, stack(0x0000000105400000,0x0000000105500000)]
  0x00000192b26b7320 JavaThread "dispatcher-HeartbeatReceiver" daemon [_thread_blocked, id=31272, stack(0x0000000105500000,0x0000000105600000)]
  0x00000192b26b63f0 JavaThread "heartbeat-receiver-event-loop-thread" daemon [_thread_blocked, id=22848, stack(0x0000000105600000,0x0000000105700000)]
  0x00000192b26b7d40 JavaThread "netty-rpc-env-timeout" daemon [_thread_blocked, id=31748, stack(0x0000000105700000,0x0000000105800000)]
  0x00000192b26b8250 JavaThread "task-starvation-timer" daemon [_thread_blocked, id=36196, stack(0x0000000105800000,0x0000000105900000)]
  0x00000192b26b54c0 JavaThread "task-abort-timer" daemon [_thread_blocked, id=27976, stack(0x0000000105900000,0x0000000105a00000)]
  0x00000192b2b808f0 JavaThread "Thread-18" [_thread_in_native, id=35540, stack(0x0000000105a00000,0x0000000105b00000)]
  0x00000192b2b80e00 JavaThread "dag-scheduler-event-loop" daemon [_thread_blocked, id=36312, stack(0x0000000105b00000,0x0000000105c00000)]
  0x00000192b2b81310 JavaThread "driver-heartbeater" daemon [_thread_blocked, id=31800, stack(0x0000000105c00000,0x0000000105d00000)]
  0x00000192b2b7a3b0 JavaThread "executor-kill-mark-cleanup" daemon [_thread_blocked, id=23600, stack(0x0000000105d00000,0x0000000105e00000)]
  0x00000192b2b7a8c0 JavaThread "executor-heartbeater" daemon [_thread_blocked, id=30608, stack(0x0000000105e00000,0x0000000105f00000)]
  0x00000192b2b7d140 JavaThread "files-client-5-1" daemon [_thread_in_native, id=14148, stack(0x0000000105f00000,0x0000000106000000)]
  0x00000192b2b7e070 JavaThread "rpc-server-4-1" daemon [_thread_in_native, id=14172, stack(0x0000000106100000,0x0000000106200000)]
  0x00000192b2b7e580 JavaThread "shuffle-boss-7-1" daemon [_thread_in_native, id=30604, stack(0x0000000106200000,0x0000000106300000)]
  0x00000192b2b7f4b0 JavaThread "Spark Context Cleaner" daemon [_thread_blocked, id=30900, stack(0x0000000101b00000,0x0000000101c00000)]
  0x00000192b2b7c720 JavaThread "context-cleaner-periodic-gc" daemon [_thread_blocked, id=23520, stack(0x0000000106300000,0x0000000106400000)]
  0x00000192b2b7add0 JavaThread "spark-listener-group-appStatus" daemon [_thread_blocked, id=26772, stack(0x0000000106400000,0x0000000106500000)]
  0x00000192b2b7b7f0 JavaThread "spark-listener-group-executorManagement" daemon [_thread_blocked, id=25152, stack(0x0000000106500000,0x0000000106600000)]
  0x00000192b2b7b2e0 JavaThread "element-tracking-store-worker" daemon [_thread_blocked, id=35900, stack(0x0000000106800000,0x0000000106900000)]
  0x00000192b35adc50 JavaThread "mysql-cj-abandoned-connection-cleanup" daemon [_thread_blocked, id=33008, stack(0x0000000106900000,0x0000000106a00000)]
  0x00000192b470c520 JavaThread "task-result-getter-0" daemon [_thread_blocked, id=14736, stack(0x0000000107c00000,0x0000000107d00000)]
  0x00000192b447c6d0 JavaThread "task-result-getter-1" daemon [_thread_blocked, id=34072, stack(0x0000000108100000,0x0000000108200000)]
  0x00000192b44808a0 JavaThread "task-result-getter-2" daemon [_thread_blocked, id=31332, stack(0x0000000107100000,0x0000000107200000)]
  0x00000192b447ad80 JavaThread "task-result-getter-3" daemon [_thread_blocked, id=23268, stack(0x0000000108500000,0x0000000108600000)]
  0x00000192b1506750 JavaThread "shuffle-client-6-1" daemon [_thread_in_native, id=34540, stack(0x000000010e500000,0x000000010e600000)]
  0x00000192bb2bd250 JavaThread "shuffle-server-8-1" daemon [_thread_in_native, id=35172, stack(0x000000010e600000,0x000000010e700000)]

Other Threads:
=>0x000001926753c090 VMThread "VM Thread" [stack: 0x0000000100c00000,0x0000000100d00000] [id=32016]
  0x000001926a7144e0 WatcherThread [stack: 0x0000000101900000,0x0000000101a00000] [id=37688]
  0x000001922839eab0 GCTaskThread "GC Thread#0" [stack: 0x0000000100700000,0x0000000100800000] [id=31144]
  0x00000192b04ebf40 GCTaskThread "GC Thread#1" [stack: 0x0000000101c00000,0x0000000101d00000] [id=32236]
  0x00000192b063f8f0 GCTaskThread "GC Thread#2" [stack: 0x0000000101d00000,0x0000000101e00000] [id=32276]
  0x00000192b063fbb0 GCTaskThread "GC Thread#3" [stack: 0x0000000101e00000,0x0000000101f00000] [id=35576]
  0x00000192b015e720 GCTaskThread "GC Thread#4" [stack: 0x0000000101f00000,0x0000000102000000] [id=14888]
  0x00000192b015e9e0 GCTaskThread "GC Thread#5" [stack: 0x0000000102000000,0x0000000102100000] [id=23192]
  0x00000192b1f4e0e0 GCTaskThread "GC Thread#6" [stack: 0x0000000102300000,0x0000000102400000] [id=32292]
  0x00000192b22bb010 GCTaskThread "GC Thread#7" [stack: 0x0000000102400000,0x0000000102500000] [id=27348]
  0x00000192b22bb2d0 GCTaskThread "GC Thread#8" [stack: 0x0000000102500000,0x0000000102600000] [id=27696]
  0x00000192b24fbe20 GCTaskThread "GC Thread#9" [stack: 0x0000000102600000,0x0000000102700000] [id=33388]
  0x00000192b24fd420 GCTaskThread "GC Thread#10" [stack: 0x0000000102700000,0x0000000102800000] [id=34820]
  0x00000192b24fb8a0 GCTaskThread "GC Thread#11" [stack: 0x0000000102800000,0x0000000102900000] [id=28544]
  0x00000192b24fbb60 GCTaskThread "GC Thread#12" [stack: 0x0000000102900000,0x0000000102a00000] [id=23024]
  0x000001926739ab30 ConcurrentGCThread "G1 Main Marker" [stack: 0x0000000100800000,0x0000000100900000] [id=21660]
  0x000001926739cb00 ConcurrentGCThread "G1 Conc#0" [stack: 0x0000000100900000,0x0000000100a00000] [id=36968]
  0x00000192b24fc0e0 ConcurrentGCThread "G1 Conc#1" [stack: 0x0000000102a00000,0x0000000102b00000] [id=33524]
  0x00000192b24fc3a0 ConcurrentGCThread "G1 Conc#2" [stack: 0x0000000102b00000,0x0000000102c00000] [id=27660]
  0x0000019267474010 ConcurrentGCThread "G1 Refine#0" [stack: 0x0000000100a00000,0x0000000100b00000] [id=33852]
  0x00000192b33e5c00 ConcurrentGCThread "G1 Refine#1" [stack: 0x0000000107200000,0x0000000107300000] [id=24108]
  0x00000192b33e5620 ConcurrentGCThread "G1 Refine#2" [stack: 0x0000000107300000,0x0000000107400000] [id=34336]
  0x00000192b33e5ef0 ConcurrentGCThread "G1 Refine#3" [stack: 0x0000000107400000,0x0000000107500000] [id=1408]
  0x00000192b33e61e0 ConcurrentGCThread "G1 Refine#4" [stack: 0x0000000107500000,0x0000000107600000] [id=19600]
  0x00000192b56c1c50 ConcurrentGCThread "G1 Refine#5" [stack: 0x0000000107600000,0x0000000107700000] [id=31856]
  0x00000192b56c1380 ConcurrentGCThread "G1 Refine#6" [stack: 0x0000000106e00000,0x0000000106f00000] [id=4952]
  0x00000192b56c1670 ConcurrentGCThread "G1 Refine#7" [stack: 0x0000000106700000,0x0000000106800000] [id=32644]
  0x00000192b56c0da0 ConcurrentGCThread "G1 Refine#8" [stack: 0x0000000106600000,0x0000000106700000] [id=33808]
  0x00000192b56c1090 ConcurrentGCThread "G1 Refine#9" [stack: 0x0000000106f00000,0x0000000107000000] [id=7040]
  0x00000192b56c04d0 ConcurrentGCThread "G1 Refine#10" [stack: 0x0000000102200000,0x0000000102300000] [id=33608]
  0x00000192b56c1960 ConcurrentGCThread "G1 Refine#11" [stack: 0x0000000107000000,0x0000000107100000] [id=18756]
  0x00000192b56c1f40 ConcurrentGCThread "G1 Refine#12" [stack: 0x0000000101a00000,0x0000000101b00000] [id=24236]
  0x0000019267474850 ConcurrentGCThread "G1 Service" [stack: 0x0000000100b00000,0x0000000100c00000] [id=37868]

Threads with active compile tasks:

VM state: at safepoint (normal execution)

VM Mutex/Monitor currently owned by a thread:  ([mutex/lock_event])
[0x00000192282f1950] Threads_lock - owner thread: 0x000001926753c090
[0x00000192282f2e20] Heap_lock - owner thread: 0x00000192b2b7c720

Heap address: 0x0000000400000000, size: 16384 MB, Compressed Oops mode: Zero based, Oop shift amount: 3

CDS archive(s) mapped at: [0x000001926b000000-0x000001926bbd0000-0x000001926bbd0000), size 12386304, SharedBaseAddress: 0x000001926b000000, ArchiveRelocationMode: 1.
Compressed class space mapped at: 0x000001926c000000-0x00000192ac000000, reserved size: 1073741824
Narrow klass base: 0x000001926b000000, Narrow klass shift: 0, Narrow klass range: 0x100000000

GC Precious Log:
 CPUs: 16 total, 16 available
 Memory: 16115M
 Large Page Support: Disabled
 NUMA Support: Disabled
 Compressed Oops: Enabled (Zero based)
 Heap Region Size: 8M
 Heap Min Capacity: 8M
 Heap Initial Capacity: 256M
 Heap Max Capacity: 16G
 Pre-touch: Disabled
 Parallel Workers: 13
 Concurrent Workers: 3
 Concurrent Refinement Workers: 13
 Periodic GC: Disabled

Heap:
 garbage-first heap   total 13492224K, used 4643048K [0x0000000400000000, 0x0000000800000000)
  region size 8192K, 47 young (385024K), 6 survivors (49152K)
 Metaspace       used 132343K, committed 134016K, reserved 1179648K
  class space    used 17257K, committed 17984K, reserved 1048576K

Heap Regions: E=young(eden), S=young(survivor), O=old, HS=humongous(starts), HC=humongous(continues), CS=collection set, F=free, OA=open archive, CA=closed archive, TAMS=top-at-mark-start (previous, next)
|   0|0x0000000400000000, 0x0000000400800000, 0x0000000400800000|100%| O|  |TAMS 0x0000000400800000, 0x0000000400000000| Untracked 
|   1|0x0000000400800000, 0x0000000401000000, 0x0000000401000000|100%| O|  |TAMS 0x0000000401000000, 0x0000000400800000| Untracked 
|   2|0x0000000401000000, 0x0000000401800000, 0x0000000401800000|100%| O|  |TAMS 0x0000000401800000, 0x0000000401000000| Untracked 
|   3|0x0000000401800000, 0x0000000402000000, 0x0000000402000000|100%| O|  |TAMS 0x0000000402000000, 0x0000000401800000| Untracked 
|   4|0x0000000402000000, 0x0000000402800000, 0x0000000402800000|100%| O|  |TAMS 0x0000000402800000, 0x0000000402000000| Untracked 
|   5|0x0000000402800000, 0x0000000403000000, 0x0000000403000000|100%| O|  |TAMS 0x0000000403000000, 0x0000000402800000| Untracked 
|   6|0x0000000403000000, 0x0000000403800000, 0x0000000403800000|100%| O|  |TAMS 0x0000000403000000, 0x0000000403000000| Untracked 
|   7|0x0000000403800000, 0x0000000404000000, 0x0000000404000000|100%| O|  |TAMS 0x0000000403800000, 0x0000000403800000| Untracked 
|   8|0x0000000404000000, 0x0000000404800000, 0x0000000404800000|100%| O|  |TAMS 0x0000000404800000, 0x0000000404000000| Untracked 
|   9|0x0000000404800000, 0x0000000405000000, 0x0000000405000000|100%| O|  |TAMS 0x0000000404800000, 0x0000000404800000| Untracked 
|  10|0x0000000405000000, 0x0000000405800000, 0x0000000405800000|100%| O|  |TAMS 0x0000000405000000, 0x0000000405000000| Untracked 
|  11|0x0000000405800000, 0x0000000406000000, 0x0000000406000000|100%| O|  |TAMS 0x0000000405800000, 0x0000000405800000| Untracked 
|  12|0x0000000406000000, 0x0000000406800000, 0x0000000406800000|100%| O|  |TAMS 0x0000000406000000, 0x0000000406000000| Untracked 
|  13|0x0000000406800000, 0x0000000407000000, 0x0000000407000000|100%| O|  |TAMS 0x0000000407000000, 0x0000000406800000| Untracked 
|  14|0x0000000407000000, 0x0000000407800000, 0x0000000407800000|100%| O|  |TAMS 0x0000000407000000, 0x0000000407000000| Untracked 
|  15|0x0000000407800000, 0x0000000408000000, 0x0000000408000000|100%| O|  |TAMS 0x0000000407800000, 0x0000000407800000| Untracked 
|  16|0x0000000408000000, 0x0000000408800000, 0x0000000408800000|100%| O|  |TAMS 0x0000000408800000, 0x0000000408000000| Untracked 
|  17|0x0000000408800000, 0x0000000409000000, 0x0000000409000000|100%| O|  |TAMS 0x0000000408800000, 0x0000000408800000| Untracked 
|  18|0x0000000409000000, 0x0000000409800000, 0x0000000409800000|100%| O|  |TAMS 0x0000000409000000, 0x0000000409000000| Untracked 
|  19|0x0000000409800000, 0x000000040a000000, 0x000000040a000000|100%| O|  |TAMS 0x000000040a000000, 0x0000000409800000| Untracked 
|  20|0x000000040a000000, 0x000000040a800000, 0x000000040a800000|100%| O|  |TAMS 0x000000040a800000, 0x000000040a000000| Untracked 
|  21|0x000000040a800000, 0x000000040b000000, 0x000000040b000000|100%| O|  |TAMS 0x000000040a800000, 0x000000040a800000| Untracked 
|  22|0x000000040b000000, 0x000000040b800000, 0x000000040b800000|100%| O|  |TAMS 0x000000040b000000, 0x000000040b000000| Untracked 
|  23|0x000000040b800000, 0x000000040c000000, 0x000000040c000000|100%| O|  |TAMS 0x000000040b800000, 0x000000040b800000| Untracked 
|  24|0x000000040c000000, 0x000000040c800000, 0x000000040c800000|100%| O|  |TAMS 0x000000040c000000, 0x000000040c000000| Untracked 
|  25|0x000000040c800000, 0x000000040d000000, 0x000000040d000000|100%| O|  |TAMS 0x000000040c800000, 0x000000040c800000| Untracked 
|  26|0x000000040d000000, 0x000000040d800000, 0x000000040d800000|100%| O|  |TAMS 0x000000040d000000, 0x000000040d000000| Untracked 
|  27|0x000000040d800000, 0x000000040e000000, 0x000000040e000000|100%| O|  |TAMS 0x000000040d800000, 0x000000040d800000| Untracked 
|  28|0x000000040e000000, 0x000000040e800000, 0x000000040e800000|100%| O|  |TAMS 0x000000040e000000, 0x000000040e000000| Untracked 
|  29|0x000000040e800000, 0x000000040f000000, 0x000000040f000000|100%| O|  |TAMS 0x000000040e800000, 0x000000040e800000| Untracked 
|  30|0x000000040f000000, 0x000000040f800000, 0x000000040f800000|100%| O|  |TAMS 0x000000040f000000, 0x000000040f000000| Untracked 
|  31|0x000000040f800000, 0x0000000410000000, 0x0000000410000000|100%| O|  |TAMS 0x000000040f800000, 0x000000040f800000| Untracked 
|  32|0x0000000410000000, 0x0000000410800000, 0x0000000410800000|100%| O|  |TAMS 0x0000000410800000, 0x0000000410000000| Untracked 
|  33|0x0000000410800000, 0x0000000411000000, 0x0000000411000000|100%|HS|  |TAMS 0x0000000411000000, 0x0000000410800000| Complete 
|  34|0x0000000411000000, 0x0000000411800000, 0x0000000411800000|100%| O|  |TAMS 0x0000000411800000, 0x0000000411000000| Untracked 
|  35|0x0000000411800000, 0x0000000412000000, 0x0000000412000000|100%| O|  |TAMS 0x0000000412000000, 0x0000000411800000| Untracked 
|  36|0x0000000412000000, 0x0000000412800000, 0x0000000412800000|100%| O|  |TAMS 0x0000000412000000, 0x0000000412000000| Untracked 
|  37|0x0000000412800000, 0x0000000413000000, 0x0000000413000000|100%| O|  |TAMS 0x0000000412800000, 0x0000000412800000| Untracked 
|  38|0x0000000413000000, 0x0000000413800000, 0x0000000413800000|100%| O|  |TAMS 0x0000000413000000, 0x0000000413000000| Untracked 
|  39|0x0000000413800000, 0x0000000414000000, 0x0000000414000000|100%| O|  |TAMS 0x0000000413800000, 0x0000000413800000| Untracked 
|  40|0x0000000414000000, 0x0000000414800000, 0x0000000414800000|100%| O|  |TAMS 0x0000000414000000, 0x0000000414000000| Untracked 
|  41|0x0000000414800000, 0x0000000415000000, 0x0000000415000000|100%|HS|  |TAMS 0x0000000414800000, 0x0000000414800000| Complete 
|  42|0x0000000415000000, 0x0000000415800000, 0x0000000415800000|100%| O|  |TAMS 0x0000000415800000, 0x0000000415000000| Untracked 
|  43|0x0000000415800000, 0x0000000416000000, 0x0000000416000000|100%| O|  |TAMS 0x0000000415800000, 0x0000000415800000| Untracked 
|  44|0x0000000416000000, 0x0000000416800000, 0x0000000416800000|100%| O|  |TAMS 0x0000000416000000, 0x0000000416000000| Untracked 
|  45|0x0000000416800000, 0x0000000417000000, 0x0000000417000000|100%| O|  |TAMS 0x0000000416800000, 0x0000000416800000| Untracked 
|  46|0x0000000417000000, 0x0000000417800000, 0x0000000417800000|100%| O|  |TAMS 0x0000000417000000, 0x0000000417000000| Untracked 
|  47|0x0000000417800000, 0x0000000418000000, 0x0000000418000000|100%| O|  |TAMS 0x0000000417800000, 0x0000000417800000| Untracked 
|  48|0x0000000418000000, 0x0000000418800000, 0x0000000418800000|100%| O|  |TAMS 0x0000000418000000, 0x0000000418000000| Untracked 
|  49|0x0000000418800000, 0x0000000419000000, 0x0000000419000000|100%| O|  |TAMS 0x0000000418800000, 0x0000000418800000| Untracked 
|  50|0x0000000419000000, 0x0000000419800000, 0x0000000419800000|100%| O|  |TAMS 0x0000000419800000, 0x0000000419000000| Untracked 
|  51|0x0000000419800000, 0x000000041a000000, 0x000000041a000000|100%| O|  |TAMS 0x0000000419800000, 0x0000000419800000| Untracked 
|  52|0x000000041a000000, 0x000000041a800000, 0x000000041a800000|100%| O|  |TAMS 0x000000041a000000, 0x000000041a000000| Untracked 
|  53|0x000000041a800000, 0x000000041b000000, 0x000000041b000000|100%| O|  |TAMS 0x000000041a800000, 0x000000041a800000| Untracked 
|  54|0x000000041b000000, 0x000000041b800000, 0x000000041b800000|100%| O|  |TAMS 0x000000041b000000, 0x000000041b000000| Untracked 
|  55|0x000000041b800000, 0x000000041c000000, 0x000000041c000000|100%| O|  |TAMS 0x000000041b800000, 0x000000041b800000| Untracked 
|  56|0x000000041c000000, 0x000000041c800000, 0x000000041c800000|100%| O|  |TAMS 0x000000041c000000, 0x000000041c000000| Untracked 
|  57|0x000000041c800000, 0x000000041d000000, 0x000000041d000000|100%| O|  |TAMS 0x000000041c800000, 0x000000041c800000| Untracked 
|  58|0x000000041d000000, 0x000000041d800000, 0x000000041d800000|100%| O|  |TAMS 0x000000041d000000, 0x000000041d000000| Untracked 
|  59|0x000000041d800000, 0x000000041e000000, 0x000000041e000000|100%| O|  |TAMS 0x000000041e000000, 0x000000041d800000| Untracked 
|  60|0x000000041e000000, 0x000000041e800000, 0x000000041e800000|100%| O|  |TAMS 0x000000041e000000, 0x000000041e000000| Untracked 
|  61|0x000000041e800000, 0x000000041f000000, 0x000000041f000000|100%| O|  |TAMS 0x000000041e800000, 0x000000041e800000| Untracked 
|  62|0x000000041f000000, 0x000000041f800000, 0x000000041f800000|100%| O|  |TAMS 0x000000041f000000, 0x000000041f000000| Untracked 
|  63|0x000000041f800000, 0x0000000420000000, 0x0000000420000000|100%| O|  |TAMS 0x000000041f800000, 0x000000041f800000| Untracked 
|  64|0x0000000420000000, 0x0000000420800000, 0x0000000420800000|100%| O|  |TAMS 0x0000000420000000, 0x0000000420000000| Untracked 
|  65|0x0000000420800000, 0x0000000421000000, 0x0000000421000000|100%| O|  |TAMS 0x0000000420800000, 0x0000000420800000| Untracked 
|  66|0x0000000421000000, 0x0000000421800000, 0x0000000421800000|100%| O|  |TAMS 0x0000000421000000, 0x0000000421000000| Untracked 
|  67|0x0000000421800000, 0x0000000422000000, 0x0000000422000000|100%| O|  |TAMS 0x0000000422000000, 0x0000000421800000| Untracked 
|  68|0x0000000422000000, 0x0000000422800000, 0x0000000422800000|100%| O|  |TAMS 0x0000000422000000, 0x0000000422000000| Untracked 
|  69|0x0000000422800000, 0x0000000423000000, 0x0000000423000000|100%| O|  |TAMS 0x0000000422800000, 0x0000000422800000| Untracked 
|  70|0x0000000423000000, 0x0000000423800000, 0x0000000423800000|100%| O|  |TAMS 0x0000000423000000, 0x0000000423000000| Untracked 
|  71|0x0000000423800000, 0x0000000424000000, 0x0000000424000000|100%|HS|  |TAMS 0x0000000423800000, 0x0000000423800000| Complete 
|  72|0x0000000424000000, 0x0000000424800000, 0x0000000424800000|100%|HC|  |TAMS 0x0000000424000000, 0x0000000424000000| Complete 
|  73|0x0000000424800000, 0x0000000425000000, 0x0000000425000000|100%|HC|  |TAMS 0x0000000424800000, 0x0000000424800000| Complete 
|  74|0x0000000425000000, 0x0000000425800000, 0x0000000425800000|100%|HC|  |TAMS 0x0000000425000000, 0x0000000425000000| Complete 
|  75|0x0000000425800000, 0x0000000426000000, 0x0000000426000000|100%| O|  |TAMS 0x0000000425800000, 0x0000000425800000| Untracked 
|  76|0x0000000426000000, 0x0000000426800000, 0x0000000426800000|100%| O|  |TAMS 0x0000000426000000, 0x0000000426000000| Untracked 
|  77|0x0000000426800000, 0x0000000427000000, 0x0000000427000000|100%| O|  |TAMS 0x0000000426800000, 0x0000000426800000| Untracked 
|  78|0x0000000427000000, 0x0000000427800000, 0x0000000427800000|100%| O|  |TAMS 0x0000000427000000, 0x0000000427000000| Untracked 
|  79|0x0000000427800000, 0x0000000428000000, 0x0000000428000000|100%| O|  |TAMS 0x0000000427800000, 0x0000000427800000| Untracked 
|  80|0x0000000428000000, 0x0000000428800000, 0x0000000428800000|100%| O|  |TAMS 0x0000000428000000, 0x0000000428000000| Untracked 
|  81|0x0000000428800000, 0x0000000429000000, 0x0000000429000000|100%| O|  |TAMS 0x0000000428800000, 0x0000000428800000| Untracked 
|  82|0x0000000429000000, 0x0000000429800000, 0x0000000429800000|100%| O|  |TAMS 0x0000000429000000, 0x0000000429000000| Untracked 
|  83|0x0000000429800000, 0x000000042a000000, 0x000000042a000000|100%| O|  |TAMS 0x0000000429800000, 0x0000000429800000| Untracked 
|  84|0x000000042a000000, 0x000000042a800000, 0x000000042a800000|100%| O|  |TAMS 0x000000042a000000, 0x000000042a000000| Untracked 
|  85|0x000000042a800000, 0x000000042b000000, 0x000000042b000000|100%| O|  |TAMS 0x000000042a800000, 0x000000042a800000| Untracked 
|  86|0x000000042b000000, 0x000000042b800000, 0x000000042b800000|100%| O|  |TAMS 0x000000042b000000, 0x000000042b000000| Untracked 
|  87|0x000000042b800000, 0x000000042c000000, 0x000000042c000000|100%| O|  |TAMS 0x000000042b800000, 0x000000042b800000| Untracked 
|  88|0x000000042c000000, 0x000000042c800000, 0x000000042c800000|100%| O|  |TAMS 0x000000042c000000, 0x000000042c000000| Untracked 
|  89|0x000000042c800000, 0x000000042d000000, 0x000000042d000000|100%| O|  |TAMS 0x000000042c800000, 0x000000042c800000| Untracked 
|  90|0x000000042d000000, 0x000000042d800000, 0x000000042d800000|100%| O|  |TAMS 0x000000042d000000, 0x000000042d000000| Untracked 
|  91|0x000000042d800000, 0x000000042e000000, 0x000000042e000000|100%| O|  |TAMS 0x000000042d800000, 0x000000042d800000| Untracked 
|  92|0x000000042e000000, 0x000000042e800000, 0x000000042e800000|100%| O|  |TAMS 0x000000042e000000, 0x000000042e000000| Untracked 
|  93|0x000000042e800000, 0x000000042f000000, 0x000000042f000000|100%| O|  |TAMS 0x000000042e800000, 0x000000042e800000| Untracked 
|  94|0x000000042f000000, 0x000000042f800000, 0x000000042f800000|100%| O|  |TAMS 0x000000042f000000, 0x000000042f000000| Untracked 
|  95|0x000000042f800000, 0x0000000430000000, 0x0000000430000000|100%| O|  |TAMS 0x000000042f800000, 0x000000042f800000| Untracked 
|  96|0x0000000430000000, 0x0000000430800000, 0x0000000430800000|100%| O|  |TAMS 0x0000000430000000, 0x0000000430000000| Untracked 
|  97|0x0000000430800000, 0x0000000431000000, 0x0000000431000000|100%| O|  |TAMS 0x0000000430800000, 0x0000000430800000| Untracked 
|  98|0x0000000431000000, 0x0000000431800000, 0x0000000431800000|100%| O|  |TAMS 0x0000000431000000, 0x0000000431000000| Untracked 
|  99|0x0000000431800000, 0x0000000432000000, 0x0000000432000000|100%| O|  |TAMS 0x0000000431800000, 0x0000000431800000| Untracked 
| 100|0x0000000432000000, 0x0000000432800000, 0x0000000432800000|100%| O|  |TAMS 0x0000000432000000, 0x0000000432000000| Untracked 
| 101|0x0000000432800000, 0x0000000433000000, 0x0000000433000000|100%| O|  |TAMS 0x0000000432800000, 0x0000000432800000| Untracked 
| 102|0x0000000433000000, 0x0000000433800000, 0x0000000433800000|100%| O|  |TAMS 0x0000000433800000, 0x0000000433000000| Untracked 
| 103|0x0000000433800000, 0x0000000434000000, 0x0000000434000000|100%| O|  |TAMS 0x0000000433800000, 0x0000000433800000| Untracked 
| 104|0x0000000434000000, 0x0000000434800000, 0x0000000434800000|100%| O|  |TAMS 0x0000000434000000, 0x0000000434000000| Untracked 
| 105|0x0000000434800000, 0x0000000435000000, 0x0000000435000000|100%| O|  |TAMS 0x0000000434800000, 0x0000000434800000| Untracked 
| 106|0x0000000435000000, 0x0000000435800000, 0x0000000435800000|100%| O|  |TAMS 0x0000000435000000, 0x0000000435000000| Untracked 
| 107|0x0000000435800000, 0x0000000436000000, 0x0000000436000000|100%| O|  |TAMS 0x0000000435800000, 0x0000000435800000| Untracked 
| 108|0x0000000436000000, 0x0000000436800000, 0x0000000436800000|100%|HS|  |TAMS 0x0000000436000000, 0x0000000436000000| Complete 
| 109|0x0000000436800000, 0x0000000437000000, 0x0000000437000000|100%|HS|  |TAMS 0x0000000436800000, 0x0000000436800000| Complete 
| 110|0x0000000437000000, 0x0000000437800000, 0x0000000437800000|100%|HS|  |TAMS 0x0000000437000000, 0x0000000437000000| Complete 
| 111|0x0000000437800000, 0x0000000438000000, 0x0000000438000000|100%|HS|  |TAMS 0x0000000437800000, 0x0000000437800000| Complete 
| 112|0x0000000438000000, 0x0000000438800000, 0x0000000438800000|100%|HS|  |TAMS 0x0000000438000000, 0x0000000438000000| Complete 
| 113|0x0000000438800000, 0x0000000439000000, 0x0000000439000000|100%| O|  |TAMS 0x0000000438800000, 0x0000000438800000| Untracked 
| 114|0x0000000439000000, 0x0000000439800000, 0x0000000439800000|100%| O|  |TAMS 0x0000000439000000, 0x0000000439000000| Untracked 
| 115|0x0000000439800000, 0x000000043a000000, 0x000000043a000000|100%| O|  |TAMS 0x0000000439800000, 0x0000000439800000| Untracked 
| 116|0x000000043a000000, 0x000000043a800000, 0x000000043a800000|100%| O|  |TAMS 0x000000043a000000, 0x000000043a000000| Untracked 
| 117|0x000000043a800000, 0x000000043b000000, 0x000000043b000000|100%| O|  |TAMS 0x000000043a800000, 0x000000043a800000| Untracked 
| 118|0x000000043b000000, 0x000000043b800000, 0x000000043b800000|100%| O|  |TAMS 0x000000043b000000, 0x000000043b000000| Untracked 
| 119|0x000000043b800000, 0x000000043c000000, 0x000000043c000000|100%| O|  |TAMS 0x000000043b800000, 0x000000043b800000| Untracked 
| 120|0x000000043c000000, 0x000000043c800000, 0x000000043c800000|100%| O|  |TAMS 0x000000043c000000, 0x000000043c000000| Untracked 
| 121|0x000000043c800000, 0x000000043d000000, 0x000000043d000000|100%| O|  |TAMS 0x000000043c800000, 0x000000043c800000| Untracked 
| 122|0x000000043d000000, 0x000000043d800000, 0x000000043d800000|100%| O|  |TAMS 0x000000043d000000, 0x000000043d000000| Untracked 
| 123|0x000000043d800000, 0x000000043e000000, 0x000000043e000000|100%| O|  |TAMS 0x000000043d800000, 0x000000043d800000| Untracked 
| 124|0x000000043e000000, 0x000000043e800000, 0x000000043e800000|100%| O|  |TAMS 0x000000043e000000, 0x000000043e000000| Untracked 
| 125|0x000000043e800000, 0x000000043f000000, 0x000000043f000000|100%| O|  |TAMS 0x000000043e800000, 0x000000043e800000| Untracked 
| 126|0x000000043f000000, 0x000000043f800000, 0x000000043f800000|100%| O|  |TAMS 0x000000043f800000, 0x000000043f000000| Untracked 
| 127|0x000000043f800000, 0x0000000440000000, 0x0000000440000000|100%|HS|  |TAMS 0x0000000440000000, 0x000000043f800000| Complete 
| 128|0x0000000440000000, 0x0000000440800000, 0x0000000440800000|100%|HC|  |TAMS 0x0000000440800000, 0x0000000440000000| Complete 
| 129|0x0000000440800000, 0x0000000441000000, 0x0000000441000000|100%|HC|  |TAMS 0x0000000441000000, 0x0000000440800000| Complete 
| 130|0x0000000441000000, 0x0000000441800000, 0x0000000441800000|100%|HC|  |TAMS 0x0000000441800000, 0x0000000441000000| Complete 
| 131|0x0000000441800000, 0x0000000442000000, 0x0000000442000000|100%|HS|  |TAMS 0x0000000442000000, 0x0000000441800000| Complete 
| 132|0x0000000442000000, 0x0000000442800000, 0x0000000442800000|100%|HC|  |TAMS 0x0000000442800000, 0x0000000442000000| Complete 
| 133|0x0000000442800000, 0x0000000443000000, 0x0000000443000000|100%|HC|  |TAMS 0x0000000443000000, 0x0000000442800000| Complete 
| 134|0x0000000443000000, 0x0000000443800000, 0x0000000443800000|100%|HC|  |TAMS 0x0000000443800000, 0x0000000443000000| Complete 
| 135|0x0000000443800000, 0x0000000444000000, 0x0000000444000000|100%| O|  |TAMS 0x0000000444000000, 0x0000000443800000| Untracked 
| 136|0x0000000444000000, 0x0000000444800000, 0x0000000444800000|100%| O|  |TAMS 0x0000000444800000, 0x0000000444000000| Untracked 
| 137|0x0000000444800000, 0x0000000445000000, 0x0000000445000000|100%| O|  |TAMS 0x0000000445000000, 0x0000000444800000| Untracked 
| 138|0x0000000445000000, 0x0000000445800000, 0x0000000445800000|100%| O|  |TAMS 0x0000000445800000, 0x0000000445000000| Untracked 
| 139|0x0000000445800000, 0x0000000446000000, 0x0000000446000000|100%| O|  |TAMS 0x0000000446000000, 0x0000000445800000| Untracked 
| 140|0x0000000446000000, 0x0000000446800000, 0x0000000446800000|100%| O|  |TAMS 0x0000000446800000, 0x0000000446000000| Untracked 
| 141|0x0000000446800000, 0x0000000447000000, 0x0000000447000000|100%| O|  |TAMS 0x0000000447000000, 0x0000000446800000| Untracked 
| 142|0x0000000447000000, 0x0000000447800000, 0x0000000447800000|100%| O|  |TAMS 0x0000000447800000, 0x0000000447000000| Untracked 
| 143|0x0000000447800000, 0x0000000448000000, 0x0000000448000000|100%| O|  |TAMS 0x0000000448000000, 0x0000000447800000| Untracked 
| 144|0x0000000448000000, 0x0000000448800000, 0x0000000448800000|100%| O|  |TAMS 0x0000000448800000, 0x0000000448000000| Untracked 
| 145|0x0000000448800000, 0x0000000449000000, 0x0000000449000000|100%| O|  |TAMS 0x0000000449000000, 0x0000000448800000| Untracked 
| 146|0x0000000449000000, 0x0000000449800000, 0x0000000449800000|100%| O|  |TAMS 0x0000000449800000, 0x0000000449000000| Untracked 
| 147|0x0000000449800000, 0x000000044a000000, 0x000000044a000000|100%| O|  |TAMS 0x000000044a000000, 0x0000000449800000| Untracked 
| 148|0x000000044a000000, 0x000000044a800000, 0x000000044a800000|100%| O|  |TAMS 0x000000044a4e5800, 0x000000044a000000| Untracked 
| 149|0x000000044a800000, 0x000000044b000000, 0x000000044b000000|100%|HS|  |TAMS 0x000000044b000000, 0x000000044a800000| Complete 
| 150|0x000000044b000000, 0x000000044b800000, 0x000000044b800000|100%|HC|  |TAMS 0x000000044b800000, 0x000000044b000000| Complete 
| 151|0x000000044b800000, 0x000000044c000000, 0x000000044c000000|100%| O|  |TAMS 0x000000044b800000, 0x000000044b800000| Untracked 
| 152|0x000000044c000000, 0x000000044c800000, 0x000000044c800000|100%|HS|  |TAMS 0x000000044c800000, 0x000000044c000000| Complete 
| 153|0x000000044c800000, 0x000000044d000000, 0x000000044d000000|100%|HC|  |TAMS 0x000000044d000000, 0x000000044c800000| Complete 
| 154|0x000000044d000000, 0x000000044d800000, 0x000000044d800000|100%|HC|  |TAMS 0x000000044d800000, 0x000000044d000000| Complete 
| 155|0x000000044d800000, 0x000000044e000000, 0x000000044e000000|100%|HC|  |TAMS 0x000000044e000000, 0x000000044d800000| Complete 
| 156|0x000000044e000000, 0x000000044e800000, 0x000000044e800000|100%|HS|  |TAMS 0x000000044e800000, 0x000000044e000000| Complete 
| 157|0x000000044e800000, 0x000000044f000000, 0x000000044f000000|100%|HC|  |TAMS 0x000000044f000000, 0x000000044e800000| Complete 
| 158|0x000000044f000000, 0x000000044f800000, 0x000000044f800000|100%|HC|  |TAMS 0x000000044f800000, 0x000000044f000000| Complete 
| 159|0x000000044f800000, 0x0000000450000000, 0x0000000450000000|100%|HC|  |TAMS 0x0000000450000000, 0x000000044f800000| Complete 
| 160|0x0000000450000000, 0x0000000450800000, 0x0000000450800000|100%|HS|  |TAMS 0x0000000450800000, 0x0000000450000000| Complete 
| 161|0x0000000450800000, 0x0000000451000000, 0x0000000451000000|100%|HC|  |TAMS 0x0000000451000000, 0x0000000450800000| Complete 
| 162|0x0000000451000000, 0x0000000451800000, 0x0000000451800000|100%|HC|  |TAMS 0x0000000451800000, 0x0000000451000000| Complete 
| 163|0x0000000451800000, 0x0000000452000000, 0x0000000452000000|100%|HC|  |TAMS 0x0000000452000000, 0x0000000451800000| Complete 
| 164|0x0000000452000000, 0x0000000452800000, 0x0000000452800000|100%|HS|  |TAMS 0x0000000452800000, 0x0000000452000000| Complete 
| 165|0x0000000452800000, 0x0000000453000000, 0x0000000453000000|100%|HC|  |TAMS 0x0000000453000000, 0x0000000452800000| Complete 
| 166|0x0000000453000000, 0x0000000453800000, 0x0000000453800000|100%|HC|  |TAMS 0x0000000453800000, 0x0000000453000000| Complete 
| 167|0x0000000453800000, 0x0000000454000000, 0x0000000454000000|100%|HC|  |TAMS 0x0000000454000000, 0x0000000453800000| Complete 
| 168|0x0000000454000000, 0x0000000454800000, 0x0000000454800000|100%|HS|  |TAMS 0x0000000454800000, 0x0000000454000000| Complete 
| 169|0x0000000454800000, 0x0000000455000000, 0x0000000455000000|100%|HC|  |TAMS 0x0000000455000000, 0x0000000454800000| Complete 
| 170|0x0000000455000000, 0x0000000455800000, 0x0000000455800000|100%|HC|  |TAMS 0x0000000455800000, 0x0000000455000000| Complete 
| 171|0x0000000455800000, 0x0000000456000000, 0x0000000456000000|100%|HC|  |TAMS 0x0000000456000000, 0x0000000455800000| Complete 
| 172|0x0000000456000000, 0x0000000456800000, 0x0000000456800000|100%|HS|  |TAMS 0x0000000456800000, 0x0000000456000000| Complete 
| 173|0x0000000456800000, 0x0000000457000000, 0x0000000457000000|100%|HC|  |TAMS 0x0000000457000000, 0x0000000456800000| Complete 
| 174|0x0000000457000000, 0x0000000457800000, 0x0000000457800000|100%|HC|  |TAMS 0x0000000457800000, 0x0000000457000000| Complete 
| 175|0x0000000457800000, 0x0000000458000000, 0x0000000458000000|100%|HC|  |TAMS 0x0000000458000000, 0x0000000457800000| Complete 
| 176|0x0000000458000000, 0x0000000458800000, 0x0000000458800000|100%|HS|  |TAMS 0x0000000458800000, 0x0000000458000000| Complete 
| 177|0x0000000458800000, 0x0000000459000000, 0x0000000459000000|100%|HC|  |TAMS 0x0000000459000000, 0x0000000458800000| Complete 
| 178|0x0000000459000000, 0x0000000459800000, 0x0000000459800000|100%|HC|  |TAMS 0x0000000459800000, 0x0000000459000000| Complete 
| 179|0x0000000459800000, 0x000000045a000000, 0x000000045a000000|100%|HC|  |TAMS 0x000000045a000000, 0x0000000459800000| Complete 
| 180|0x000000045a000000, 0x000000045a800000, 0x000000045a800000|100%|HS|  |TAMS 0x000000045a800000, 0x000000045a000000| Complete 
| 181|0x000000045a800000, 0x000000045b000000, 0x000000045b000000|100%|HC|  |TAMS 0x000000045b000000, 0x000000045a800000| Complete 
| 182|0x000000045b000000, 0x000000045b800000, 0x000000045b800000|100%|HC|  |TAMS 0x000000045b800000, 0x000000045b000000| Complete 
| 183|0x000000045b800000, 0x000000045c000000, 0x000000045c000000|100%|HC|  |TAMS 0x000000045c000000, 0x000000045b800000| Complete 
| 184|0x000000045c000000, 0x000000045c800000, 0x000000045c800000|100%|HS|  |TAMS 0x000000045c800000, 0x000000045c000000| Complete 
| 185|0x000000045c800000, 0x000000045d000000, 0x000000045d000000|100%|HC|  |TAMS 0x000000045d000000, 0x000000045c800000| Complete 
| 186|0x000000045d000000, 0x000000045d800000, 0x000000045d800000|100%|HC|  |TAMS 0x000000045d800000, 0x000000045d000000| Complete 
| 187|0x000000045d800000, 0x000000045e000000, 0x000000045e000000|100%|HC|  |TAMS 0x000000045e000000, 0x000000045d800000| Complete 
| 188|0x000000045e000000, 0x000000045e800000, 0x000000045e800000|100%|HS|  |TAMS 0x000000045e800000, 0x000000045e000000| Complete 
| 189|0x000000045e800000, 0x000000045f000000, 0x000000045f000000|100%|HC|  |TAMS 0x000000045f000000, 0x000000045e800000| Complete 
| 190|0x000000045f000000, 0x000000045f800000, 0x000000045f800000|100%|HC|  |TAMS 0x000000045f800000, 0x000000045f000000| Complete 
| 191|0x000000045f800000, 0x0000000460000000, 0x0000000460000000|100%|HC|  |TAMS 0x0000000460000000, 0x000000045f800000| Complete 
| 192|0x0000000460000000, 0x0000000460800000, 0x0000000460800000|100%|HS|  |TAMS 0x0000000460800000, 0x0000000460000000| Complete 
| 193|0x0000000460800000, 0x0000000461000000, 0x0000000461000000|100%|HC|  |TAMS 0x0000000461000000, 0x0000000460800000| Complete 
| 194|0x0000000461000000, 0x0000000461800000, 0x0000000461800000|100%|HC|  |TAMS 0x0000000461800000, 0x0000000461000000| Complete 
| 195|0x0000000461800000, 0x0000000462000000, 0x0000000462000000|100%|HC|  |TAMS 0x0000000462000000, 0x0000000461800000| Complete 
| 196|0x0000000462000000, 0x0000000462800000, 0x0000000462800000|100%|HS|  |TAMS 0x0000000462800000, 0x0000000462000000| Complete 
| 197|0x0000000462800000, 0x0000000463000000, 0x0000000463000000|100%|HC|  |TAMS 0x0000000463000000, 0x0000000462800000| Complete 
| 198|0x0000000463000000, 0x0000000463800000, 0x0000000463800000|100%|HC|  |TAMS 0x0000000463800000, 0x0000000463000000| Complete 
| 199|0x0000000463800000, 0x0000000464000000, 0x0000000464000000|100%|HC|  |TAMS 0x0000000464000000, 0x0000000463800000| Complete 
| 200|0x0000000464000000, 0x0000000464800000, 0x0000000464800000|100%|HS|  |TAMS 0x0000000464800000, 0x0000000464000000| Complete 
| 201|0x0000000464800000, 0x0000000465000000, 0x0000000465000000|100%|HC|  |TAMS 0x0000000465000000, 0x0000000464800000| Complete 
| 202|0x0000000465000000, 0x0000000465800000, 0x0000000465800000|100%|HC|  |TAMS 0x0000000465800000, 0x0000000465000000| Complete 
| 203|0x0000000465800000, 0x0000000466000000, 0x0000000466000000|100%|HC|  |TAMS 0x0000000466000000, 0x0000000465800000| Complete 
| 204|0x0000000466000000, 0x0000000466800000, 0x0000000466800000|100%|HS|  |TAMS 0x0000000466800000, 0x0000000466000000| Complete 
| 205|0x0000000466800000, 0x0000000467000000, 0x0000000467000000|100%|HC|  |TAMS 0x0000000467000000, 0x0000000466800000| Complete 
| 206|0x0000000467000000, 0x0000000467800000, 0x0000000467800000|100%|HC|  |TAMS 0x0000000467800000, 0x0000000467000000| Complete 
| 207|0x0000000467800000, 0x0000000468000000, 0x0000000468000000|100%|HC|  |TAMS 0x0000000468000000, 0x0000000467800000| Complete 
| 208|0x0000000468000000, 0x0000000468800000, 0x0000000468800000|100%| O|  |TAMS 0x0000000468000000, 0x0000000468000000| Untracked 
| 209|0x0000000468800000, 0x0000000469000000, 0x0000000469000000|100%| O|  |TAMS 0x0000000468800000, 0x0000000468800000| Untracked 
| 210|0x0000000469000000, 0x0000000469800000, 0x0000000469800000|100%| O|  |TAMS 0x0000000469000000, 0x0000000469000000| Untracked 
| 211|0x0000000469800000, 0x000000046a000000, 0x000000046a000000|100%|HS|  |TAMS 0x000000046a000000, 0x0000000469800000| Complete 
| 212|0x000000046a000000, 0x000000046a800000, 0x000000046a800000|100%|HC|  |TAMS 0x000000046a800000, 0x000000046a000000| Complete 
| 213|0x000000046a800000, 0x000000046b000000, 0x000000046b000000|100%|HS|  |TAMS 0x000000046b000000, 0x000000046a800000| Complete 
| 214|0x000000046b000000, 0x000000046b800000, 0x000000046b800000|100%|HC|  |TAMS 0x000000046b800000, 0x000000046b000000| Complete 
| 215|0x000000046b800000, 0x000000046c000000, 0x000000046c000000|100%| O|  |TAMS 0x000000046b800000, 0x000000046b800000| Untracked 
| 216|0x000000046c000000, 0x000000046c800000, 0x000000046c800000|100%| O|  |TAMS 0x000000046c000000, 0x000000046c000000| Untracked 
| 217|0x000000046c800000, 0x000000046d000000, 0x000000046d000000|100%| O|  |TAMS 0x000000046c800000, 0x000000046c800000| Untracked 
| 218|0x000000046d000000, 0x000000046d800000, 0x000000046d800000|100%| O|  |TAMS 0x000000046d000000, 0x000000046d000000| Untracked 
| 219|0x000000046d800000, 0x000000046e000000, 0x000000046e000000|100%| O|  |TAMS 0x000000046d800000, 0x000000046d800000| Untracked 
| 220|0x000000046e000000, 0x000000046e800000, 0x000000046e800000|100%| O|  |TAMS 0x000000046e000000, 0x000000046e000000| Untracked 
| 221|0x000000046e800000, 0x000000046f000000, 0x000000046f000000|100%| O|  |TAMS 0x000000046e800000, 0x000000046e800000| Untracked 
| 222|0x000000046f000000, 0x000000046f800000, 0x000000046f800000|100%| O|  |TAMS 0x000000046f000000, 0x000000046f000000| Untracked 
| 223|0x000000046f800000, 0x0000000470000000, 0x0000000470000000|100%| O|  |TAMS 0x000000046f800000, 0x000000046f800000| Untracked 
| 224|0x0000000470000000, 0x0000000470800000, 0x0000000470800000|100%| O|  |TAMS 0x0000000470000000, 0x0000000470000000| Untracked 
| 225|0x0000000470800000, 0x0000000471000000, 0x0000000471000000|100%| O|  |TAMS 0x0000000470800000, 0x0000000470800000| Untracked 
| 226|0x0000000471000000, 0x0000000471800000, 0x0000000471800000|100%| O|  |TAMS 0x0000000471000000, 0x0000000471000000| Untracked 
| 227|0x0000000471800000, 0x0000000472000000, 0x0000000472000000|100%| O|  |TAMS 0x0000000471800000, 0x0000000471800000| Untracked 
| 228|0x0000000472000000, 0x0000000472800000, 0x0000000472800000|100%| O|  |TAMS 0x0000000472000000, 0x0000000472000000| Untracked 
| 229|0x0000000472800000, 0x0000000473000000, 0x0000000473000000|100%| O|  |TAMS 0x0000000472800000, 0x0000000472800000| Untracked 
| 230|0x0000000473000000, 0x0000000473800000, 0x0000000473800000|100%| O|  |TAMS 0x0000000473000000, 0x0000000473000000| Untracked 
| 231|0x0000000473800000, 0x0000000474000000, 0x0000000474000000|100%| O|  |TAMS 0x0000000473800000, 0x0000000473800000| Untracked 
| 232|0x0000000474000000, 0x0000000474800000, 0x0000000474800000|100%| O|  |TAMS 0x0000000474000000, 0x0000000474000000| Untracked 
| 233|0x0000000474800000, 0x0000000475000000, 0x0000000475000000|100%| O|  |TAMS 0x0000000474800000, 0x0000000474800000| Untracked 
| 234|0x0000000475000000, 0x0000000475800000, 0x0000000475800000|100%| O|  |TAMS 0x0000000475000000, 0x0000000475000000| Untracked 
| 235|0x0000000475800000, 0x0000000476000000, 0x0000000476000000|100%| O|  |TAMS 0x0000000475800000, 0x0000000475800000| Untracked 
| 236|0x0000000476000000, 0x0000000476800000, 0x0000000476800000|100%| O|  |TAMS 0x0000000476000000, 0x0000000476000000| Untracked 
| 237|0x0000000476800000, 0x0000000477000000, 0x0000000477000000|100%| O|  |TAMS 0x0000000476800000, 0x0000000476800000| Untracked 
| 238|0x0000000477000000, 0x0000000477800000, 0x0000000477800000|100%| O|  |TAMS 0x0000000477000000, 0x0000000477000000| Untracked 
| 239|0x0000000477800000, 0x0000000478000000, 0x0000000478000000|100%| O|  |TAMS 0x0000000477800000, 0x0000000477800000| Untracked 
| 240|0x0000000478000000, 0x0000000478800000, 0x0000000478800000|100%| O|  |TAMS 0x0000000478000000, 0x0000000478000000| Untracked 
| 241|0x0000000478800000, 0x0000000479000000, 0x0000000479000000|100%| O|  |TAMS 0x0000000478800000, 0x0000000478800000| Untracked 
| 242|0x0000000479000000, 0x0000000479800000, 0x0000000479800000|100%| O|  |TAMS 0x0000000479000000, 0x0000000479000000| Untracked 
| 243|0x0000000479800000, 0x000000047a000000, 0x000000047a000000|100%| O|  |TAMS 0x0000000479800000, 0x0000000479800000| Untracked 
| 244|0x000000047a000000, 0x000000047a800000, 0x000000047a800000|100%| O|  |TAMS 0x000000047a000000, 0x000000047a000000| Untracked 
| 245|0x000000047a800000, 0x000000047b000000, 0x000000047b000000|100%| O|  |TAMS 0x000000047a800000, 0x000000047a800000| Untracked 
| 246|0x000000047b000000, 0x000000047b800000, 0x000000047b800000|100%| O|  |TAMS 0x000000047b000000, 0x000000047b000000| Untracked 
| 247|0x000000047b800000, 0x000000047c000000, 0x000000047c000000|100%| O|  |TAMS 0x000000047b800000, 0x000000047b800000| Untracked 
| 248|0x000000047c000000, 0x000000047c800000, 0x000000047c800000|100%| O|  |TAMS 0x000000047c000000, 0x000000047c000000| Untracked 
| 249|0x000000047c800000, 0x000000047d000000, 0x000000047d000000|100%| O|  |TAMS 0x000000047c800000, 0x000000047c800000| Untracked 
| 250|0x000000047d000000, 0x000000047d800000, 0x000000047d800000|100%| O|  |TAMS 0x000000047d000000, 0x000000047d000000| Untracked 
| 251|0x000000047d800000, 0x000000047e000000, 0x000000047e000000|100%| O|  |TAMS 0x000000047d800000, 0x000000047d800000| Untracked 
| 252|0x000000047e000000, 0x000000047e800000, 0x000000047e800000|100%| O|  |TAMS 0x000000047e000000, 0x000000047e000000| Untracked 
| 253|0x000000047e800000, 0x000000047f000000, 0x000000047f000000|100%| O|  |TAMS 0x000000047e800000, 0x000000047e800000| Untracked 
| 254|0x000000047f000000, 0x000000047f800000, 0x000000047f800000|100%| O|  |TAMS 0x000000047f000000, 0x000000047f000000| Untracked 
| 255|0x000000047f800000, 0x0000000480000000, 0x0000000480000000|100%| O|  |TAMS 0x000000047f800000, 0x000000047f800000| Untracked 
| 256|0x0000000480000000, 0x0000000480800000, 0x0000000480800000|100%| O|  |TAMS 0x0000000480000000, 0x0000000480000000| Untracked 
| 257|0x0000000480800000, 0x0000000481000000, 0x0000000481000000|100%| O|  |TAMS 0x0000000480800000, 0x0000000480800000| Untracked 
| 258|0x0000000481000000, 0x0000000481800000, 0x0000000481800000|100%| O|  |TAMS 0x0000000481000000, 0x0000000481000000| Untracked 
| 259|0x0000000481800000, 0x0000000482000000, 0x0000000482000000|100%| O|  |TAMS 0x0000000481800000, 0x0000000481800000| Untracked 
| 260|0x0000000482000000, 0x0000000482800000, 0x0000000482800000|100%| O|  |TAMS 0x0000000482000000, 0x0000000482000000| Untracked 
| 261|0x0000000482800000, 0x0000000483000000, 0x0000000483000000|100%| O|  |TAMS 0x0000000482800000, 0x0000000482800000| Untracked 
| 262|0x0000000483000000, 0x0000000483800000, 0x0000000483800000|100%| O|  |TAMS 0x0000000483000000, 0x0000000483000000| Untracked 
| 263|0x0000000483800000, 0x0000000484000000, 0x0000000484000000|100%| O|  |TAMS 0x0000000483800000, 0x0000000483800000| Untracked 
| 264|0x0000000484000000, 0x0000000484800000, 0x0000000484800000|100%| O|  |TAMS 0x0000000484000000, 0x0000000484000000| Untracked 
| 265|0x0000000484800000, 0x0000000485000000, 0x0000000485000000|100%| O|  |TAMS 0x0000000484800000, 0x0000000484800000| Untracked 
| 266|0x0000000485000000, 0x0000000485800000, 0x0000000485800000|100%| O|  |TAMS 0x0000000485000000, 0x0000000485000000| Untracked 
| 267|0x0000000485800000, 0x0000000486000000, 0x0000000486000000|100%| O|  |TAMS 0x0000000485800000, 0x0000000485800000| Untracked 
| 268|0x0000000486000000, 0x0000000486800000, 0x0000000486800000|100%| O|  |TAMS 0x0000000486000000, 0x0000000486000000| Untracked 
| 269|0x0000000486800000, 0x0000000487000000, 0x0000000487000000|100%| O|  |TAMS 0x0000000486800000, 0x0000000486800000| Untracked 
| 270|0x0000000487000000, 0x0000000487800000, 0x0000000487800000|100%| O|  |TAMS 0x0000000487000000, 0x0000000487000000| Untracked 
| 271|0x0000000487800000, 0x0000000488000000, 0x0000000488000000|100%| O|  |TAMS 0x0000000487800000, 0x0000000487800000| Untracked 
| 272|0x0000000488000000, 0x0000000488800000, 0x0000000488800000|100%| O|  |TAMS 0x0000000488000000, 0x0000000488000000| Untracked 
| 273|0x0000000488800000, 0x0000000489000000, 0x0000000489000000|100%| O|  |TAMS 0x0000000488800000, 0x0000000488800000| Untracked 
| 274|0x0000000489000000, 0x0000000489800000, 0x0000000489800000|100%| O|  |TAMS 0x0000000489000000, 0x0000000489000000| Untracked 
| 275|0x0000000489800000, 0x000000048a000000, 0x000000048a000000|100%| O|  |TAMS 0x0000000489800000, 0x0000000489800000| Untracked 
| 276|0x000000048a000000, 0x000000048a800000, 0x000000048a800000|100%| O|  |TAMS 0x000000048a000000, 0x000000048a000000| Untracked 
| 277|0x000000048a800000, 0x000000048b000000, 0x000000048b000000|100%| O|  |TAMS 0x000000048a800000, 0x000000048a800000| Untracked 
| 278|0x000000048b000000, 0x000000048b800000, 0x000000048b800000|100%|HS|  |TAMS 0x000000048b000000, 0x000000048b000000| Complete 
| 279|0x000000048b800000, 0x000000048c000000, 0x000000048c000000|100%|HS|  |TAMS 0x000000048b800000, 0x000000048b800000| Complete 
| 280|0x000000048c000000, 0x000000048c800000, 0x000000048c800000|100%|HS|  |TAMS 0x000000048c000000, 0x000000048c000000| Complete 
| 281|0x000000048c800000, 0x000000048d000000, 0x000000048d000000|100%|HC|  |TAMS 0x000000048c800000, 0x000000048c800000| Complete 
| 282|0x000000048d000000, 0x000000048d800000, 0x000000048d800000|100%| O|  |TAMS 0x000000048d000000, 0x000000048d000000| Untracked 
| 283|0x000000048d800000, 0x000000048e000000, 0x000000048e000000|100%| O|  |TAMS 0x000000048d800000, 0x000000048d800000| Untracked 
| 284|0x000000048e000000, 0x000000048e800000, 0x000000048e800000|100%| O|  |TAMS 0x000000048e000000, 0x000000048e000000| Untracked 
| 285|0x000000048e800000, 0x000000048f000000, 0x000000048f000000|100%| O|  |TAMS 0x000000048e800000, 0x000000048e800000| Untracked 
| 286|0x000000048f000000, 0x000000048f800000, 0x000000048f800000|100%| O|  |TAMS 0x000000048f000000, 0x000000048f000000| Untracked 
| 287|0x000000048f800000, 0x0000000490000000, 0x0000000490000000|100%| O|  |TAMS 0x000000048f800000, 0x000000048f800000| Untracked 
| 288|0x0000000490000000, 0x0000000490800000, 0x0000000490800000|100%| O|  |TAMS 0x0000000490000000, 0x0000000490000000| Untracked 
| 289|0x0000000490800000, 0x0000000491000000, 0x0000000491000000|100%| O|  |TAMS 0x0000000490800000, 0x0000000490800000| Untracked 
| 290|0x0000000491000000, 0x0000000491800000, 0x0000000491800000|100%| O|  |TAMS 0x0000000491000000, 0x0000000491000000| Untracked 
| 291|0x0000000491800000, 0x0000000492000000, 0x0000000492000000|100%| O|  |TAMS 0x0000000491800000, 0x0000000491800000| Untracked 
| 292|0x0000000492000000, 0x0000000492800000, 0x0000000492800000|100%| O|  |TAMS 0x0000000492000000, 0x0000000492000000| Untracked 
| 293|0x0000000492800000, 0x0000000493000000, 0x0000000493000000|100%| O|  |TAMS 0x0000000492800000, 0x0000000492800000| Untracked 
| 294|0x0000000493000000, 0x0000000493800000, 0x0000000493800000|100%| O|  |TAMS 0x0000000493000000, 0x0000000493000000| Untracked 
| 295|0x0000000493800000, 0x0000000494000000, 0x0000000494000000|100%| O|  |TAMS 0x0000000493800000, 0x0000000493800000| Untracked 
| 296|0x0000000494000000, 0x0000000494800000, 0x0000000494800000|100%| O|  |TAMS 0x0000000494000000, 0x0000000494000000| Untracked 
| 297|0x0000000494800000, 0x0000000495000000, 0x0000000495000000|100%| O|  |TAMS 0x0000000494800000, 0x0000000494800000| Untracked 
| 298|0x0000000495000000, 0x0000000495800000, 0x0000000495800000|100%| O|  |TAMS 0x0000000495000000, 0x0000000495000000| Untracked 
| 299|0x0000000495800000, 0x0000000496000000, 0x0000000496000000|100%| O|  |TAMS 0x0000000495800000, 0x0000000495800000| Untracked 
| 300|0x0000000496000000, 0x0000000496800000, 0x0000000496800000|100%| O|  |TAMS 0x0000000496000000, 0x0000000496000000| Untracked 
| 301|0x0000000496800000, 0x0000000497000000, 0x0000000497000000|100%| O|  |TAMS 0x0000000496800000, 0x0000000496800000| Untracked 
| 302|0x0000000497000000, 0x0000000497800000, 0x0000000497800000|100%| O|  |TAMS 0x0000000497000000, 0x0000000497000000| Untracked 
| 303|0x0000000497800000, 0x0000000498000000, 0x0000000498000000|100%| O|  |TAMS 0x0000000497800000, 0x0000000497800000| Untracked 
| 304|0x0000000498000000, 0x0000000498800000, 0x0000000498800000|100%| O|  |TAMS 0x0000000498000000, 0x0000000498000000| Untracked 
| 305|0x0000000498800000, 0x0000000499000000, 0x0000000499000000|100%| O|  |TAMS 0x0000000498800000, 0x0000000498800000| Untracked 
| 306|0x0000000499000000, 0x0000000499800000, 0x0000000499800000|100%| O|  |TAMS 0x0000000499000000, 0x0000000499000000| Untracked 
| 307|0x0000000499800000, 0x000000049a000000, 0x000000049a000000|100%| O|  |TAMS 0x0000000499800000, 0x0000000499800000| Untracked 
| 308|0x000000049a000000, 0x000000049a800000, 0x000000049a800000|100%| O|  |TAMS 0x000000049a000000, 0x000000049a000000| Untracked 
| 309|0x000000049a800000, 0x000000049b000000, 0x000000049b000000|100%| O|  |TAMS 0x000000049a800000, 0x000000049a800000| Untracked 
| 310|0x000000049b000000, 0x000000049b800000, 0x000000049b800000|100%|HS|  |TAMS 0x000000049b000000, 0x000000049b000000| Complete 
| 311|0x000000049b800000, 0x000000049c000000, 0x000000049c000000|100%|HC|  |TAMS 0x000000049b800000, 0x000000049b800000| Complete 
| 312|0x000000049c000000, 0x000000049c800000, 0x000000049c800000|100%|HS|  |TAMS 0x000000049c000000, 0x000000049c000000| Complete 
| 313|0x000000049c800000, 0x000000049d000000, 0x000000049d000000|100%|HC|  |TAMS 0x000000049c800000, 0x000000049c800000| Complete 
| 314|0x000000049d000000, 0x000000049d800000, 0x000000049d800000|100%| O|  |TAMS 0x000000049d000000, 0x000000049d000000| Untracked 
| 315|0x000000049d800000, 0x000000049e000000, 0x000000049e000000|100%| O|  |TAMS 0x000000049d800000, 0x000000049d800000| Untracked 
| 316|0x000000049e000000, 0x000000049e800000, 0x000000049e800000|100%| O|  |TAMS 0x000000049e000000, 0x000000049e000000| Untracked 
| 317|0x000000049e800000, 0x000000049f000000, 0x000000049f000000|100%| O|  |TAMS 0x000000049e800000, 0x000000049e800000| Untracked 
| 318|0x000000049f000000, 0x000000049f800000, 0x000000049f800000|100%| O|  |TAMS 0x000000049f000000, 0x000000049f000000| Untracked 
| 319|0x000000049f800000, 0x00000004a0000000, 0x00000004a0000000|100%| O|  |TAMS 0x000000049f800000, 0x000000049f800000| Untracked 
| 320|0x00000004a0000000, 0x00000004a0800000, 0x00000004a0800000|100%| O|  |TAMS 0x00000004a0000000, 0x00000004a0000000| Untracked 
| 321|0x00000004a0800000, 0x00000004a1000000, 0x00000004a1000000|100%| O|  |TAMS 0x00000004a0800000, 0x00000004a0800000| Untracked 
| 322|0x00000004a1000000, 0x00000004a1800000, 0x00000004a1800000|100%| O|  |TAMS 0x00000004a1000000, 0x00000004a1000000| Untracked 
| 323|0x00000004a1800000, 0x00000004a2000000, 0x00000004a2000000|100%| O|  |TAMS 0x00000004a1800000, 0x00000004a1800000| Untracked 
| 324|0x00000004a2000000, 0x00000004a2800000, 0x00000004a2800000|100%| O|  |TAMS 0x00000004a2000000, 0x00000004a2000000| Untracked 
| 325|0x00000004a2800000, 0x00000004a3000000, 0x00000004a3000000|100%| O|  |TAMS 0x00000004a2800000, 0x00000004a2800000| Untracked 
| 326|0x00000004a3000000, 0x00000004a3800000, 0x00000004a3800000|100%| O|  |TAMS 0x00000004a3000000, 0x00000004a3000000| Untracked 
| 327|0x00000004a3800000, 0x00000004a4000000, 0x00000004a4000000|100%| O|  |TAMS 0x00000004a3800000, 0x00000004a3800000| Untracked 
| 328|0x00000004a4000000, 0x00000004a4800000, 0x00000004a4800000|100%| O|  |TAMS 0x00000004a4000000, 0x00000004a4000000| Untracked 
| 329|0x00000004a4800000, 0x00000004a5000000, 0x00000004a5000000|100%| O|  |TAMS 0x00000004a4800000, 0x00000004a4800000| Untracked 
| 330|0x00000004a5000000, 0x00000004a5800000, 0x00000004a5800000|100%| O|  |TAMS 0x00000004a5000000, 0x00000004a5000000| Untracked 
| 331|0x00000004a5800000, 0x00000004a6000000, 0x00000004a6000000|100%| O|  |TAMS 0x00000004a5800000, 0x00000004a5800000| Untracked 
| 332|0x00000004a6000000, 0x00000004a6800000, 0x00000004a6800000|100%| O|  |TAMS 0x00000004a6000000, 0x00000004a6000000| Untracked 
| 333|0x00000004a6800000, 0x00000004a7000000, 0x00000004a7000000|100%| O|  |TAMS 0x00000004a6800000, 0x00000004a6800000| Untracked 
| 334|0x00000004a7000000, 0x00000004a7800000, 0x00000004a7800000|100%| O|  |TAMS 0x00000004a7000000, 0x00000004a7000000| Untracked 
| 335|0x00000004a7800000, 0x00000004a8000000, 0x00000004a8000000|100%|HS|  |TAMS 0x00000004a7800000, 0x00000004a7800000| Complete 
| 336|0x00000004a8000000, 0x00000004a8800000, 0x00000004a8800000|100%| O|  |TAMS 0x00000004a8000000, 0x00000004a8000000| Untracked 
| 337|0x00000004a8800000, 0x00000004a9000000, 0x00000004a9000000|100%| O|  |TAMS 0x00000004a8800000, 0x00000004a8800000| Untracked 
| 338|0x00000004a9000000, 0x00000004a9800000, 0x00000004a9800000|100%|HS|  |TAMS 0x00000004a9000000, 0x00000004a9000000| Complete 
| 339|0x00000004a9800000, 0x00000004aa000000, 0x00000004aa000000|100%| O|  |TAMS 0x00000004a9800000, 0x00000004a9800000| Untracked 
| 340|0x00000004aa000000, 0x00000004aa800000, 0x00000004aa800000|100%| O|  |TAMS 0x00000004aa000000, 0x00000004aa000000| Untracked 
| 341|0x00000004aa800000, 0x00000004ab000000, 0x00000004ab000000|100%| O|  |TAMS 0x00000004aa800000, 0x00000004aa800000| Untracked 
| 342|0x00000004ab000000, 0x00000004ab800000, 0x00000004ab800000|100%| O|  |TAMS 0x00000004ab000000, 0x00000004ab000000| Untracked 
| 343|0x00000004ab800000, 0x00000004ac000000, 0x00000004ac000000|100%| O|  |TAMS 0x00000004ab800000, 0x00000004ab800000| Untracked 
| 344|0x00000004ac000000, 0x00000004ac800000, 0x00000004ac800000|100%| O|  |TAMS 0x00000004ac000000, 0x00000004ac000000| Untracked 
| 345|0x00000004ac800000, 0x00000004ad000000, 0x00000004ad000000|100%| O|  |TAMS 0x00000004ac800000, 0x00000004ac800000| Untracked 
| 346|0x00000004ad000000, 0x00000004ad800000, 0x00000004ad800000|100%| O|  |TAMS 0x00000004ad000000, 0x00000004ad000000| Untracked 
| 347|0x00000004ad800000, 0x00000004ae000000, 0x00000004ae000000|100%| O|  |TAMS 0x00000004ad800000, 0x00000004ad800000| Untracked 
| 348|0x00000004ae000000, 0x00000004ae800000, 0x00000004ae800000|100%| O|  |TAMS 0x00000004ae000000, 0x00000004ae000000| Untracked 
| 349|0x00000004ae800000, 0x00000004af000000, 0x00000004af000000|100%| O|  |TAMS 0x00000004ae800000, 0x00000004ae800000| Untracked 
| 350|0x00000004af000000, 0x00000004af800000, 0x00000004af800000|100%| O|  |TAMS 0x00000004af000000, 0x00000004af000000| Untracked 
| 351|0x00000004af800000, 0x00000004b0000000, 0x00000004b0000000|100%| O|  |TAMS 0x00000004af800000, 0x00000004af800000| Untracked 
| 352|0x00000004b0000000, 0x00000004b0800000, 0x00000004b0800000|100%| O|  |TAMS 0x00000004b0000000, 0x00000004b0000000| Untracked 
| 353|0x00000004b0800000, 0x00000004b1000000, 0x00000004b1000000|100%| O|  |TAMS 0x00000004b0800000, 0x00000004b0800000| Untracked 
| 354|0x00000004b1000000, 0x00000004b1800000, 0x00000004b1800000|100%| O|  |TAMS 0x00000004b1000000, 0x00000004b1000000| Untracked 
| 355|0x00000004b1800000, 0x00000004b2000000, 0x00000004b2000000|100%| O|  |TAMS 0x00000004b1800000, 0x00000004b1800000| Untracked 
| 356|0x00000004b2000000, 0x00000004b2800000, 0x00000004b2800000|100%| O|  |TAMS 0x00000004b2000000, 0x00000004b2000000| Untracked 
| 357|0x00000004b2800000, 0x00000004b3000000, 0x00000004b3000000|100%| O|  |TAMS 0x00000004b2800000, 0x00000004b2800000| Untracked 
| 358|0x00000004b3000000, 0x00000004b3800000, 0x00000004b3800000|100%| O|  |TAMS 0x00000004b3000000, 0x00000004b3000000| Untracked 
| 359|0x00000004b3800000, 0x00000004b4000000, 0x00000004b4000000|100%| O|  |TAMS 0x00000004b3800000, 0x00000004b3800000| Untracked 
| 360|0x00000004b4000000, 0x00000004b4800000, 0x00000004b4800000|100%| O|  |TAMS 0x00000004b4000000, 0x00000004b4000000| Untracked 
| 361|0x00000004b4800000, 0x00000004b5000000, 0x00000004b5000000|100%| O|  |TAMS 0x00000004b4800000, 0x00000004b4800000| Untracked 
| 362|0x00000004b5000000, 0x00000004b5800000, 0x00000004b5800000|100%| O|  |TAMS 0x00000004b5000000, 0x00000004b5000000| Untracked 
| 363|0x00000004b5800000, 0x00000004b6000000, 0x00000004b6000000|100%| O|  |TAMS 0x00000004b5800000, 0x00000004b5800000| Untracked 
| 364|0x00000004b6000000, 0x00000004b6800000, 0x00000004b6800000|100%| O|  |TAMS 0x00000004b6000000, 0x00000004b6000000| Untracked 
| 365|0x00000004b6800000, 0x00000004b7000000, 0x00000004b7000000|100%| O|  |TAMS 0x00000004b6800000, 0x00000004b6800000| Untracked 
| 366|0x00000004b7000000, 0x00000004b7800000, 0x00000004b7800000|100%| O|  |TAMS 0x00000004b7000000, 0x00000004b7000000| Untracked 
| 367|0x00000004b7800000, 0x00000004b8000000, 0x00000004b8000000|100%| O|  |TAMS 0x00000004b7800000, 0x00000004b7800000| Untracked 
| 368|0x00000004b8000000, 0x00000004b8800000, 0x00000004b8800000|100%|HS|  |TAMS 0x00000004b8000000, 0x00000004b8000000| Complete 
| 369|0x00000004b8800000, 0x00000004b9000000, 0x00000004b9000000|100%|HS|  |TAMS 0x00000004b8800000, 0x00000004b8800000| Complete 
| 370|0x00000004b9000000, 0x00000004b9800000, 0x00000004b9800000|100%|HS|  |TAMS 0x00000004b9000000, 0x00000004b9000000| Complete 
| 371|0x00000004b9800000, 0x00000004ba000000, 0x00000004ba000000|100%| O|  |TAMS 0x00000004b9800000, 0x00000004b9800000| Untracked 
| 372|0x00000004ba000000, 0x00000004ba800000, 0x00000004ba800000|100%| O|  |TAMS 0x00000004ba000000, 0x00000004ba000000| Untracked 
| 373|0x00000004ba800000, 0x00000004bb000000, 0x00000004bb000000|100%| O|  |TAMS 0x00000004ba800000, 0x00000004ba800000| Untracked 
| 374|0x00000004bb000000, 0x00000004bb800000, 0x00000004bb800000|100%| O|  |TAMS 0x00000004bb000000, 0x00000004bb000000| Untracked 
| 375|0x00000004bb800000, 0x00000004bc000000, 0x00000004bc000000|100%| O|  |TAMS 0x00000004bb800000, 0x00000004bb800000| Untracked 
| 376|0x00000004bc000000, 0x00000004bc800000, 0x00000004bc800000|100%| O|  |TAMS 0x00000004bc000000, 0x00000004bc000000| Untracked 
| 377|0x00000004bc800000, 0x00000004bd000000, 0x00000004bd000000|100%|HS|  |TAMS 0x00000004bc800000, 0x00000004bc800000| Complete 
| 378|0x00000004bd000000, 0x00000004bd800000, 0x00000004bd800000|100%| O|  |TAMS 0x00000004bd000000, 0x00000004bd000000| Untracked 
| 379|0x00000004bd800000, 0x00000004be000000, 0x00000004be000000|100%| O|  |TAMS 0x00000004bd800000, 0x00000004bd800000| Untracked 
| 380|0x00000004be000000, 0x00000004be800000, 0x00000004be800000|100%| O|  |TAMS 0x00000004be000000, 0x00000004be000000| Untracked 
| 381|0x00000004be800000, 0x00000004bf000000, 0x00000004bf000000|100%| O|  |TAMS 0x00000004be800000, 0x00000004be800000| Untracked 
| 382|0x00000004bf000000, 0x00000004bf800000, 0x00000004bf800000|100%| O|  |TAMS 0x00000004bf000000, 0x00000004bf000000| Untracked 
| 383|0x00000004bf800000, 0x00000004c0000000, 0x00000004c0000000|100%| O|  |TAMS 0x00000004bf800000, 0x00000004bf800000| Untracked 
| 384|0x00000004c0000000, 0x00000004c0800000, 0x00000004c0800000|100%| O|  |TAMS 0x00000004c0000000, 0x00000004c0000000| Untracked 
| 385|0x00000004c0800000, 0x00000004c1000000, 0x00000004c1000000|100%| O|  |TAMS 0x00000004c0800000, 0x00000004c0800000| Untracked 
| 386|0x00000004c1000000, 0x00000004c1800000, 0x00000004c1800000|100%| O|  |TAMS 0x00000004c1000000, 0x00000004c1000000| Untracked 
| 387|0x00000004c1800000, 0x00000004c2000000, 0x00000004c2000000|100%| O|  |TAMS 0x00000004c1800000, 0x00000004c1800000| Untracked 
| 388|0x00000004c2000000, 0x00000004c2800000, 0x00000004c2800000|100%| O|  |TAMS 0x00000004c2000000, 0x00000004c2000000| Untracked 
| 389|0x00000004c2800000, 0x00000004c3000000, 0x00000004c3000000|100%| O|  |TAMS 0x00000004c2800000, 0x00000004c2800000| Untracked 
| 390|0x00000004c3000000, 0x00000004c3800000, 0x00000004c3800000|100%| O|  |TAMS 0x00000004c3000000, 0x00000004c3000000| Untracked 
| 391|0x00000004c3800000, 0x00000004c4000000, 0x00000004c4000000|100%| O|  |TAMS 0x00000004c3800000, 0x00000004c3800000| Untracked 
| 392|0x00000004c4000000, 0x00000004c4800000, 0x00000004c4800000|100%| O|  |TAMS 0x00000004c4000000, 0x00000004c4000000| Untracked 
| 393|0x00000004c4800000, 0x00000004c5000000, 0x00000004c5000000|100%| O|  |TAMS 0x00000004c4800000, 0x00000004c4800000| Untracked 
| 394|0x00000004c5000000, 0x00000004c5800000, 0x00000004c5800000|100%| O|  |TAMS 0x00000004c5000000, 0x00000004c5000000| Untracked 
| 395|0x00000004c5800000, 0x00000004c6000000, 0x00000004c6000000|100%| O|  |TAMS 0x00000004c5800000, 0x00000004c5800000| Untracked 
| 396|0x00000004c6000000, 0x00000004c6800000, 0x00000004c6800000|100%| O|  |TAMS 0x00000004c6000000, 0x00000004c6000000| Untracked 
| 397|0x00000004c6800000, 0x00000004c7000000, 0x00000004c7000000|100%| O|  |TAMS 0x00000004c6800000, 0x00000004c6800000| Untracked 
| 398|0x00000004c7000000, 0x00000004c7800000, 0x00000004c7800000|100%| O|  |TAMS 0x00000004c7000000, 0x00000004c7000000| Untracked 
| 399|0x00000004c7800000, 0x00000004c8000000, 0x00000004c8000000|100%| O|  |TAMS 0x00000004c7800000, 0x00000004c7800000| Untracked 
| 400|0x00000004c8000000, 0x00000004c8800000, 0x00000004c8800000|100%| O|  |TAMS 0x00000004c8000000, 0x00000004c8000000| Untracked 
| 401|0x00000004c8800000, 0x00000004c9000000, 0x00000004c9000000|100%| O|  |TAMS 0x00000004c8800000, 0x00000004c8800000| Untracked 
| 402|0x00000004c9000000, 0x00000004c9800000, 0x00000004c9800000|100%| O|  |TAMS 0x00000004c9000000, 0x00000004c9000000| Untracked 
| 403|0x00000004c9800000, 0x00000004ca000000, 0x00000004ca000000|100%| O|  |TAMS 0x00000004c9800000, 0x00000004c9800000| Untracked 
| 404|0x00000004ca000000, 0x00000004ca800000, 0x00000004ca800000|100%| O|  |TAMS 0x00000004ca000000, 0x00000004ca000000| Untracked 
| 405|0x00000004ca800000, 0x00000004cb000000, 0x00000004cb000000|100%| O|  |TAMS 0x00000004ca800000, 0x00000004ca800000| Untracked 
| 406|0x00000004cb000000, 0x00000004cb800000, 0x00000004cb800000|100%| O|  |TAMS 0x00000004cb000000, 0x00000004cb000000| Untracked 
| 407|0x00000004cb800000, 0x00000004cc000000, 0x00000004cc000000|100%| O|  |TAMS 0x00000004cb800000, 0x00000004cb800000| Untracked 
| 408|0x00000004cc000000, 0x00000004cc800000, 0x00000004cc800000|100%| O|  |TAMS 0x00000004cc000000, 0x00000004cc000000| Untracked 
| 409|0x00000004cc800000, 0x00000004cd000000, 0x00000004cd000000|100%| O|  |TAMS 0x00000004cc800000, 0x00000004cc800000| Untracked 
| 410|0x00000004cd000000, 0x00000004cd800000, 0x00000004cd800000|100%| O|  |TAMS 0x00000004cd000000, 0x00000004cd000000| Untracked 
| 411|0x00000004cd800000, 0x00000004ce000000, 0x00000004ce000000|100%| O|  |TAMS 0x00000004cd800000, 0x00000004cd800000| Untracked 
| 412|0x00000004ce000000, 0x00000004ce800000, 0x00000004ce800000|100%| O|  |TAMS 0x00000004ce000000, 0x00000004ce000000| Untracked 
| 413|0x00000004ce800000, 0x00000004cf000000, 0x00000004cf000000|100%| O|  |TAMS 0x00000004ce800000, 0x00000004ce800000| Untracked 
| 414|0x00000004cf000000, 0x00000004cf800000, 0x00000004cf800000|100%| O|  |TAMS 0x00000004cf000000, 0x00000004cf000000| Untracked 
| 415|0x00000004cf800000, 0x00000004d0000000, 0x00000004d0000000|100%|HS|  |TAMS 0x00000004cf800000, 0x00000004cf800000| Complete 
| 416|0x00000004d0000000, 0x00000004d0800000, 0x00000004d0800000|100%|HS|  |TAMS 0x00000004d0000000, 0x00000004d0000000| Complete 
| 417|0x00000004d0800000, 0x00000004d1000000, 0x00000004d1000000|100%|HS|  |TAMS 0x00000004d0800000, 0x00000004d0800000| Complete 
| 418|0x00000004d1000000, 0x00000004d1800000, 0x00000004d1800000|100%| O|  |TAMS 0x00000004d1000000, 0x00000004d1000000| Untracked 
| 419|0x00000004d1800000, 0x00000004d2000000, 0x00000004d2000000|100%| O|  |TAMS 0x00000004d1800000, 0x00000004d1800000| Untracked 
| 420|0x00000004d2000000, 0x00000004d2800000, 0x00000004d2800000|100%| O|  |TAMS 0x00000004d2000000, 0x00000004d2000000| Untracked 
| 421|0x00000004d2800000, 0x00000004d3000000, 0x00000004d3000000|100%| O|  |TAMS 0x00000004d2800000, 0x00000004d2800000| Untracked 
| 422|0x00000004d3000000, 0x00000004d3800000, 0x00000004d3800000|100%| O|  |TAMS 0x00000004d3000000, 0x00000004d3000000| Untracked 
| 423|0x00000004d3800000, 0x00000004d4000000, 0x00000004d4000000|100%| O|  |TAMS 0x00000004d3800000, 0x00000004d3800000| Untracked 
| 424|0x00000004d4000000, 0x00000004d4800000, 0x00000004d4800000|100%| O|  |TAMS 0x00000004d4000000, 0x00000004d4000000| Untracked 
| 425|0x00000004d4800000, 0x00000004d5000000, 0x00000004d5000000|100%| O|  |TAMS 0x00000004d4800000, 0x00000004d4800000| Untracked 
| 426|0x00000004d5000000, 0x00000004d5800000, 0x00000004d5800000|100%| O|  |TAMS 0x00000004d5000000, 0x00000004d5000000| Untracked 
| 427|0x00000004d5800000, 0x00000004d6000000, 0x00000004d6000000|100%| O|  |TAMS 0x00000004d5800000, 0x00000004d5800000| Untracked 
| 428|0x00000004d6000000, 0x00000004d6800000, 0x00000004d6800000|100%| O|  |TAMS 0x00000004d6000000, 0x00000004d6000000| Untracked 
| 429|0x00000004d6800000, 0x00000004d7000000, 0x00000004d7000000|100%| O|  |TAMS 0x00000004d6800000, 0x00000004d6800000| Untracked 
| 430|0x00000004d7000000, 0x00000004d7800000, 0x00000004d7800000|100%| O|  |TAMS 0x00000004d7000000, 0x00000004d7000000| Untracked 
| 431|0x00000004d7800000, 0x00000004d8000000, 0x00000004d8000000|100%| O|  |TAMS 0x00000004d7800000, 0x00000004d7800000| Untracked 
| 432|0x00000004d8000000, 0x00000004d8800000, 0x00000004d8800000|100%| O|  |TAMS 0x00000004d8000000, 0x00000004d8000000| Untracked 
| 433|0x00000004d8800000, 0x00000004d9000000, 0x00000004d9000000|100%| O|  |TAMS 0x00000004d8800000, 0x00000004d8800000| Untracked 
| 434|0x00000004d9000000, 0x00000004d9800000, 0x00000004d9800000|100%| O|  |TAMS 0x00000004d9000000, 0x00000004d9000000| Untracked 
| 435|0x00000004d9800000, 0x00000004da000000, 0x00000004da000000|100%| O|  |TAMS 0x00000004d9800000, 0x00000004d9800000| Untracked 
| 436|0x00000004da000000, 0x00000004da800000, 0x00000004da800000|100%| O|  |TAMS 0x00000004da000000, 0x00000004da000000| Untracked 
| 437|0x00000004da800000, 0x00000004db000000, 0x00000004db000000|100%| O|  |TAMS 0x00000004da800000, 0x00000004da800000| Untracked 
| 438|0x00000004db000000, 0x00000004db800000, 0x00000004db800000|100%| O|  |TAMS 0x00000004db000000, 0x00000004db000000| Untracked 
| 439|0x00000004db800000, 0x00000004dc000000, 0x00000004dc000000|100%| O|  |TAMS 0x00000004db800000, 0x00000004db800000| Untracked 
| 440|0x00000004dc000000, 0x00000004dc800000, 0x00000004dc800000|100%| O|  |TAMS 0x00000004dc000000, 0x00000004dc000000| Untracked 
| 441|0x00000004dc800000, 0x00000004dd000000, 0x00000004dd000000|100%| O|  |TAMS 0x00000004dc800000, 0x00000004dc800000| Untracked 
| 442|0x00000004dd000000, 0x00000004dd800000, 0x00000004dd800000|100%| O|  |TAMS 0x00000004dd000000, 0x00000004dd000000| Untracked 
| 443|0x00000004dd800000, 0x00000004de000000, 0x00000004de000000|100%| O|  |TAMS 0x00000004dd800000, 0x00000004dd800000| Untracked 
| 444|0x00000004de000000, 0x00000004de800000, 0x00000004de800000|100%| O|  |TAMS 0x00000004de000000, 0x00000004de000000| Untracked 
| 445|0x00000004de800000, 0x00000004df000000, 0x00000004df000000|100%| O|  |TAMS 0x00000004de800000, 0x00000004de800000| Untracked 
| 446|0x00000004df000000, 0x00000004df800000, 0x00000004df800000|100%| O|  |TAMS 0x00000004df000000, 0x00000004df000000| Untracked 
| 447|0x00000004df800000, 0x00000004e0000000, 0x00000004e0000000|100%| O|  |TAMS 0x00000004df800000, 0x00000004df800000| Untracked 
| 448|0x00000004e0000000, 0x00000004e0800000, 0x00000004e0800000|100%|HS|  |TAMS 0x00000004e0000000, 0x00000004e0000000| Complete 
| 449|0x00000004e0800000, 0x00000004e1000000, 0x00000004e1000000|100%|HC|  |TAMS 0x00000004e0800000, 0x00000004e0800000| Complete 
| 450|0x00000004e1000000, 0x00000004e1800000, 0x00000004e1800000|100%|HS|  |TAMS 0x00000004e1000000, 0x00000004e1000000| Complete 
| 451|0x00000004e1800000, 0x00000004e2000000, 0x00000004e2000000|100%|HC|  |TAMS 0x00000004e1800000, 0x00000004e1800000| Complete 
| 452|0x00000004e2000000, 0x00000004e2800000, 0x00000004e2800000|100%|HS|  |TAMS 0x00000004e2000000, 0x00000004e2000000| Complete 
| 453|0x00000004e2800000, 0x00000004e3000000, 0x00000004e3000000|100%|HC|  |TAMS 0x00000004e2800000, 0x00000004e2800000| Complete 
| 454|0x00000004e3000000, 0x00000004e3800000, 0x00000004e3800000|100%| O|  |TAMS 0x00000004e3000000, 0x00000004e3000000| Untracked 
| 455|0x00000004e3800000, 0x00000004e4000000, 0x00000004e4000000|100%|HS|  |TAMS 0x00000004e3800000, 0x00000004e3800000| Complete 
| 456|0x00000004e4000000, 0x00000004e4800000, 0x00000004e4800000|100%| O|  |TAMS 0x00000004e4000000, 0x00000004e4000000| Untracked 
| 457|0x00000004e4800000, 0x00000004e5000000, 0x00000004e5000000|100%| O|  |TAMS 0x00000004e4800000, 0x00000004e4800000| Untracked 
| 458|0x00000004e5000000, 0x00000004e5800000, 0x00000004e5800000|100%| O|  |TAMS 0x00000004e5000000, 0x00000004e5000000| Untracked 
| 459|0x00000004e5800000, 0x00000004e6000000, 0x00000004e6000000|100%| O|  |TAMS 0x00000004e5800000, 0x00000004e5800000| Untracked 
| 460|0x00000004e6000000, 0x00000004e6800000, 0x00000004e6800000|100%| O|  |TAMS 0x00000004e6000000, 0x00000004e6000000| Untracked 
| 461|0x00000004e6800000, 0x00000004e7000000, 0x00000004e7000000|100%| O|  |TAMS 0x00000004e6800000, 0x00000004e6800000| Untracked 
| 462|0x00000004e7000000, 0x00000004e7800000, 0x00000004e7800000|100%| O|  |TAMS 0x00000004e7000000, 0x00000004e7000000| Untracked 
| 463|0x00000004e7800000, 0x00000004e8000000, 0x00000004e8000000|100%| O|  |TAMS 0x00000004e7800000, 0x00000004e7800000| Untracked 
| 464|0x00000004e8000000, 0x00000004e8800000, 0x00000004e8800000|100%| O|  |TAMS 0x00000004e8000000, 0x00000004e8000000| Untracked 
| 465|0x00000004e8800000, 0x00000004e9000000, 0x00000004e9000000|100%| O|  |TAMS 0x00000004e8800000, 0x00000004e8800000| Untracked 
| 466|0x00000004e9000000, 0x00000004e9800000, 0x00000004e9800000|100%| O|  |TAMS 0x00000004e9000000, 0x00000004e9000000| Untracked 
| 467|0x00000004e9800000, 0x00000004ea000000, 0x00000004ea000000|100%| O|  |TAMS 0x00000004e9800000, 0x00000004e9800000| Untracked 
| 468|0x00000004ea000000, 0x00000004ea800000, 0x00000004ea800000|100%| O|  |TAMS 0x00000004ea000000, 0x00000004ea000000| Untracked 
| 469|0x00000004ea800000, 0x00000004eb000000, 0x00000004eb000000|100%| O|  |TAMS 0x00000004ea800000, 0x00000004ea800000| Untracked 
| 470|0x00000004eb000000, 0x00000004eb800000, 0x00000004eb800000|100%| O|  |TAMS 0x00000004eb000000, 0x00000004eb000000| Untracked 
| 471|0x00000004eb800000, 0x00000004ec000000, 0x00000004ec000000|100%| O|  |TAMS 0x00000004eb800000, 0x00000004eb800000| Untracked 
| 472|0x00000004ec000000, 0x00000004ec800000, 0x00000004ec800000|100%| O|  |TAMS 0x00000004ec000000, 0x00000004ec000000| Untracked 
| 473|0x00000004ec800000, 0x00000004ed000000, 0x00000004ed000000|100%| O|  |TAMS 0x00000004ec800000, 0x00000004ec800000| Untracked 
| 474|0x00000004ed000000, 0x00000004ed800000, 0x00000004ed800000|100%| O|  |TAMS 0x00000004ed000000, 0x00000004ed000000| Untracked 
| 475|0x00000004ed800000, 0x00000004ee000000, 0x00000004ee000000|100%| O|  |TAMS 0x00000004ed800000, 0x00000004ed800000| Untracked 
| 476|0x00000004ee000000, 0x00000004ee800000, 0x00000004ee800000|100%| O|  |TAMS 0x00000004ee000000, 0x00000004ee000000| Untracked 
| 477|0x00000004ee800000, 0x00000004ef000000, 0x00000004ef000000|100%| O|  |TAMS 0x00000004ee800000, 0x00000004ee800000| Untracked 
| 478|0x00000004ef000000, 0x00000004ef800000, 0x00000004ef800000|100%| O|  |TAMS 0x00000004ef000000, 0x00000004ef000000| Untracked 
| 479|0x00000004ef800000, 0x00000004f0000000, 0x00000004f0000000|100%| O|  |TAMS 0x00000004ef800000, 0x00000004ef800000| Untracked 
| 480|0x00000004f0000000, 0x00000004f0800000, 0x00000004f0800000|100%| O|  |TAMS 0x00000004f0000000, 0x00000004f0000000| Untracked 
| 481|0x00000004f0800000, 0x00000004f1000000, 0x00000004f1000000|100%| O|  |TAMS 0x00000004f0800000, 0x00000004f0800000| Untracked 
| 482|0x00000004f1000000, 0x00000004f1800000, 0x00000004f1800000|100%| O|  |TAMS 0x00000004f1000000, 0x00000004f1000000| Untracked 
| 483|0x00000004f1800000, 0x00000004f2000000, 0x00000004f2000000|100%|HS|  |TAMS 0x00000004f1800000, 0x00000004f1800000| Complete 
| 484|0x00000004f2000000, 0x00000004f2800000, 0x00000004f2800000|100%| O|  |TAMS 0x00000004f2000000, 0x00000004f2000000| Untracked 
| 485|0x00000004f2800000, 0x00000004f3000000, 0x00000004f3000000|100%| O|  |TAMS 0x00000004f2800000, 0x00000004f2800000| Untracked 
| 486|0x00000004f3000000, 0x00000004f3800000, 0x00000004f3800000|100%| O|  |TAMS 0x00000004f3000000, 0x00000004f3000000| Untracked 
| 487|0x00000004f3800000, 0x00000004f4000000, 0x00000004f4000000|100%| O|  |TAMS 0x00000004f3800000, 0x00000004f3800000| Untracked 
| 488|0x00000004f4000000, 0x00000004f4800000, 0x00000004f4800000|100%| O|  |TAMS 0x00000004f4000000, 0x00000004f4000000| Untracked 
| 489|0x00000004f4800000, 0x00000004f5000000, 0x00000004f5000000|100%| O|  |TAMS 0x00000004f4800000, 0x00000004f4800000| Untracked 
| 490|0x00000004f5000000, 0x00000004f5800000, 0x00000004f5800000|100%| O|  |TAMS 0x00000004f5000000, 0x00000004f5000000| Untracked 
| 491|0x00000004f5800000, 0x00000004f6000000, 0x00000004f6000000|100%| O|  |TAMS 0x00000004f5800000, 0x00000004f5800000| Untracked 
| 492|0x00000004f6000000, 0x00000004f6800000, 0x00000004f6800000|100%| O|  |TAMS 0x00000004f6000000, 0x00000004f6000000| Untracked 
| 493|0x00000004f6800000, 0x00000004f7000000, 0x00000004f7000000|100%| O|  |TAMS 0x00000004f6800000, 0x00000004f6800000| Untracked 
| 494|0x00000004f7000000, 0x00000004f7800000, 0x00000004f7800000|100%| O|  |TAMS 0x00000004f7000000, 0x00000004f7000000| Untracked 
| 495|0x00000004f7800000, 0x00000004f8000000, 0x00000004f8000000|100%| O|  |TAMS 0x00000004f7800000, 0x00000004f7800000| Untracked 
| 496|0x00000004f8000000, 0x00000004f8800000, 0x00000004f8800000|100%| O|  |TAMS 0x00000004f8000000, 0x00000004f8000000| Untracked 
| 497|0x00000004f8800000, 0x00000004f9000000, 0x00000004f9000000|100%| O|  |TAMS 0x00000004f8800000, 0x00000004f8800000| Untracked 
| 498|0x00000004f9000000, 0x00000004f9800000, 0x00000004f9800000|100%| O|  |TAMS 0x00000004f9000000, 0x00000004f9000000| Untracked 
| 499|0x00000004f9800000, 0x00000004fa000000, 0x00000004fa000000|100%| O|  |TAMS 0x00000004f9800000, 0x00000004f9800000| Untracked 
| 500|0x00000004fa000000, 0x00000004fa800000, 0x00000004fa800000|100%| O|  |TAMS 0x00000004fa000000, 0x00000004fa000000| Untracked 
| 501|0x00000004fa800000, 0x00000004fb000000, 0x00000004fb000000|100%| O|  |TAMS 0x00000004fa800000, 0x00000004fa800000| Untracked 
| 502|0x00000004fb000000, 0x00000004fb800000, 0x00000004fb800000|100%| O|  |TAMS 0x00000004fb000000, 0x00000004fb000000| Untracked 
| 503|0x00000004fb800000, 0x00000004fc000000, 0x00000004fc000000|100%| O|  |TAMS 0x00000004fb800000, 0x00000004fb800000| Untracked 
| 504|0x00000004fc000000, 0x00000004fc800000, 0x00000004fc800000|100%| O|  |TAMS 0x00000004fc000000, 0x00000004fc000000| Untracked 
| 505|0x00000004fc800000, 0x00000004fd000000, 0x00000004fd000000|100%| O|  |TAMS 0x00000004fc800000, 0x00000004fc800000| Untracked 
| 506|0x00000004fd000000, 0x00000004fd800000, 0x00000004fd800000|100%| O|  |TAMS 0x00000004fd000000, 0x00000004fd000000| Untracked 
| 507|0x00000004fd800000, 0x00000004fe000000, 0x00000004fe000000|100%| O|  |TAMS 0x00000004fd800000, 0x00000004fd800000| Untracked 
| 508|0x00000004fe000000, 0x00000004fe800000, 0x00000004fe800000|100%| O|  |TAMS 0x00000004fe000000, 0x00000004fe000000| Untracked 
| 509|0x00000004fe800000, 0x00000004ff000000, 0x00000004ff000000|100%| O|  |TAMS 0x00000004fe800000, 0x00000004fe800000| Untracked 
| 510|0x00000004ff000000, 0x00000004ff800000, 0x00000004ff800000|100%| O|  |TAMS 0x00000004ff000000, 0x00000004ff000000| Untracked 
| 511|0x00000004ff800000, 0x0000000500000000, 0x0000000500000000|100%| O|  |TAMS 0x00000004ff800000, 0x00000004ff800000| Untracked 
| 512|0x0000000500000000, 0x00000005007b9c00, 0x0000000500800000| 96%| O|  |TAMS 0x0000000500000000, 0x0000000500000000| Untracked 
| 513|0x0000000500800000, 0x0000000501000000, 0x0000000501000000|100%|HS|  |TAMS 0x0000000500800000, 0x0000000500800000| Complete 
| 514|0x0000000501000000, 0x0000000501800000, 0x0000000501800000|100%|HS|  |TAMS 0x0000000501000000, 0x0000000501000000| Complete 
| 515|0x0000000501800000, 0x0000000502000000, 0x0000000502000000|100%|HS|  |TAMS 0x0000000501800000, 0x0000000501800000| Complete 
| 516|0x0000000502000000, 0x0000000502800000, 0x0000000502800000|100%|HS|  |TAMS 0x0000000502000000, 0x0000000502000000| Complete 
| 517|0x0000000502800000, 0x0000000503000000, 0x0000000503000000|100%|HC|  |TAMS 0x0000000502800000, 0x0000000502800000| Complete 
| 518|0x0000000503000000, 0x0000000503800000, 0x0000000503800000|100%|HC|  |TAMS 0x0000000503000000, 0x0000000503000000| Complete 
| 519|0x0000000503800000, 0x0000000504000000, 0x0000000504000000|100%|HC|  |TAMS 0x0000000503800000, 0x0000000503800000| Complete 
| 520|0x0000000504000000, 0x0000000504800000, 0x0000000504800000|100%|HS|  |TAMS 0x0000000504000000, 0x0000000504000000| Complete 
| 521|0x0000000504800000, 0x0000000504800000, 0x0000000505000000|  0%| F|  |TAMS 0x0000000504800000, 0x0000000504800000| Untracked 
| 522|0x0000000505000000, 0x0000000505000000, 0x0000000505800000|  0%| F|  |TAMS 0x0000000505000000, 0x0000000505000000| Untracked 
| 523|0x0000000505800000, 0x0000000505800000, 0x0000000506000000|  0%| F|  |TAMS 0x0000000505800000, 0x0000000505800000| Untracked 
| 524|0x0000000506000000, 0x0000000506000000, 0x0000000506800000|  0%| F|  |TAMS 0x0000000506000000, 0x0000000506000000| Untracked 
| 525|0x0000000506800000, 0x0000000506800000, 0x0000000507000000|  0%| F|  |TAMS 0x0000000506800000, 0x0000000506800000| Untracked 
| 526|0x0000000507000000, 0x0000000507000000, 0x0000000507800000|  0%| F|  |TAMS 0x0000000507000000, 0x0000000507000000| Untracked 
| 527|0x0000000507800000, 0x0000000507800000, 0x0000000508000000|  0%| F|  |TAMS 0x0000000507800000, 0x0000000507800000| Untracked 
| 528|0x0000000508000000, 0x0000000508000000, 0x0000000508800000|  0%| F|  |TAMS 0x0000000508000000, 0x0000000508000000| Untracked 
| 529|0x0000000508800000, 0x0000000508800000, 0x0000000509000000|  0%| F|  |TAMS 0x0000000508800000, 0x0000000508800000| Untracked 
| 530|0x0000000509000000, 0x0000000509000000, 0x0000000509800000|  0%| F|  |TAMS 0x0000000509000000, 0x0000000509000000| Untracked 
| 531|0x0000000509800000, 0x0000000509800000, 0x000000050a000000|  0%| F|  |TAMS 0x0000000509800000, 0x0000000509800000| Untracked 
| 532|0x000000050a000000, 0x000000050a000000, 0x000000050a800000|  0%| F|  |TAMS 0x000000050a000000, 0x000000050a000000| Untracked 
| 533|0x000000050a800000, 0x000000050a800000, 0x000000050b000000|  0%| F|  |TAMS 0x000000050a800000, 0x000000050a800000| Untracked 
| 534|0x000000050b000000, 0x000000050b000000, 0x000000050b800000|  0%| F|  |TAMS 0x000000050b000000, 0x000000050b000000| Untracked 
| 535|0x000000050b800000, 0x000000050b800000, 0x000000050c000000|  0%| F|  |TAMS 0x000000050b800000, 0x000000050b800000| Untracked 
| 536|0x000000050c000000, 0x000000050c000000, 0x000000050c800000|  0%| F|  |TAMS 0x000000050c000000, 0x000000050c000000| Untracked 
| 537|0x000000050c800000, 0x000000050c800000, 0x000000050d000000|  0%| F|  |TAMS 0x000000050c800000, 0x000000050c800000| Untracked 
| 538|0x000000050d000000, 0x000000050d000000, 0x000000050d800000|  0%| F|  |TAMS 0x000000050d000000, 0x000000050d000000| Untracked 
| 539|0x000000050d800000, 0x000000050d800000, 0x000000050e000000|  0%| F|  |TAMS 0x000000050d800000, 0x000000050d800000| Untracked 
| 540|0x000000050e000000, 0x000000050e000000, 0x000000050e800000|  0%| F|  |TAMS 0x000000050e000000, 0x000000050e000000| Untracked 
| 541|0x000000050e800000, 0x000000050e800000, 0x000000050f000000|  0%| F|  |TAMS 0x000000050e800000, 0x000000050e800000| Untracked 
| 542|0x000000050f000000, 0x000000050f000000, 0x000000050f800000|  0%| F|  |TAMS 0x000000050f000000, 0x000000050f000000| Untracked 
| 543|0x000000050f800000, 0x000000050f800000, 0x0000000510000000|  0%| F|  |TAMS 0x000000050f800000, 0x000000050f800000| Untracked 
| 544|0x0000000510000000, 0x0000000510000000, 0x0000000510800000|  0%| F|  |TAMS 0x0000000510000000, 0x0000000510000000| Untracked 
| 545|0x0000000510800000, 0x0000000510800000, 0x0000000511000000|  0%| F|  |TAMS 0x0000000510800000, 0x0000000510800000| Untracked 
| 546|0x0000000511000000, 0x0000000511000000, 0x0000000511800000|  0%| F|  |TAMS 0x0000000511000000, 0x0000000511000000| Untracked 
| 547|0x0000000511800000, 0x0000000511800000, 0x0000000512000000|  0%| F|  |TAMS 0x0000000511800000, 0x0000000511800000| Untracked 
| 548|0x0000000512000000, 0x0000000512000000, 0x0000000512800000|  0%| F|  |TAMS 0x0000000512000000, 0x0000000512000000| Untracked 
| 549|0x0000000512800000, 0x0000000512800000, 0x0000000513000000|  0%| F|  |TAMS 0x0000000512800000, 0x0000000512800000| Untracked 
| 550|0x0000000513000000, 0x0000000513000000, 0x0000000513800000|  0%| F|  |TAMS 0x0000000513000000, 0x0000000513000000| Untracked 
| 551|0x0000000513800000, 0x0000000513800000, 0x0000000514000000|  0%| F|  |TAMS 0x0000000513800000, 0x0000000513800000| Untracked 
| 552|0x0000000514000000, 0x0000000514000000, 0x0000000514800000|  0%| F|  |TAMS 0x0000000514000000, 0x0000000514000000| Untracked 
| 553|0x0000000514800000, 0x0000000514800000, 0x0000000515000000|  0%| F|  |TAMS 0x0000000514800000, 0x0000000514800000| Untracked 
| 554|0x0000000515000000, 0x0000000515000000, 0x0000000515800000|  0%| F|  |TAMS 0x0000000515000000, 0x0000000515000000| Untracked 
| 555|0x0000000515800000, 0x0000000515800000, 0x0000000516000000|  0%| F|  |TAMS 0x0000000515800000, 0x0000000515800000| Untracked 
| 556|0x0000000516000000, 0x0000000516000000, 0x0000000516800000|  0%| F|  |TAMS 0x0000000516000000, 0x0000000516000000| Untracked 
| 557|0x0000000516800000, 0x0000000516800000, 0x0000000517000000|  0%| F|  |TAMS 0x0000000516800000, 0x0000000516800000| Untracked 
| 558|0x0000000517000000, 0x0000000517000000, 0x0000000517800000|  0%| F|  |TAMS 0x0000000517000000, 0x0000000517000000| Untracked 
| 559|0x0000000517800000, 0x0000000517800000, 0x0000000518000000|  0%| F|  |TAMS 0x0000000517800000, 0x0000000517800000| Untracked 
| 560|0x0000000518000000, 0x0000000518000000, 0x0000000518800000|  0%| F|  |TAMS 0x0000000518000000, 0x0000000518000000| Untracked 
| 561|0x0000000518800000, 0x0000000518800000, 0x0000000519000000|  0%| F|  |TAMS 0x0000000518800000, 0x0000000518800000| Untracked 
| 562|0x0000000519000000, 0x0000000519000000, 0x0000000519800000|  0%| F|  |TAMS 0x0000000519000000, 0x0000000519000000| Untracked 
| 563|0x0000000519800000, 0x0000000519800000, 0x000000051a000000|  0%| F|  |TAMS 0x0000000519800000, 0x0000000519800000| Untracked 
| 564|0x000000051a000000, 0x000000051a000000, 0x000000051a800000|  0%| F|  |TAMS 0x000000051a000000, 0x000000051a000000| Untracked 
| 565|0x000000051a800000, 0x000000051a800000, 0x000000051b000000|  0%| F|  |TAMS 0x000000051a800000, 0x000000051a800000| Untracked 
| 566|0x000000051b000000, 0x000000051b000000, 0x000000051b800000|  0%| F|  |TAMS 0x000000051b000000, 0x000000051b000000| Untracked 
| 567|0x000000051b800000, 0x000000051b800000, 0x000000051c000000|  0%| F|  |TAMS 0x000000051b800000, 0x000000051b800000| Untracked 
| 568|0x000000051c000000, 0x000000051c000000, 0x000000051c800000|  0%| F|  |TAMS 0x000000051c000000, 0x000000051c000000| Untracked 
| 569|0x000000051c800000, 0x000000051c800000, 0x000000051d000000|  0%| F|  |TAMS 0x000000051c800000, 0x000000051c800000| Untracked 
| 570|0x000000051d000000, 0x000000051d000000, 0x000000051d800000|  0%| F|  |TAMS 0x000000051d000000, 0x000000051d000000| Untracked 
| 571|0x000000051d800000, 0x000000051d800000, 0x000000051e000000|  0%| F|  |TAMS 0x000000051d800000, 0x000000051d800000| Untracked 
| 572|0x000000051e000000, 0x000000051e000000, 0x000000051e800000|  0%| F|  |TAMS 0x000000051e000000, 0x000000051e000000| Untracked 
| 573|0x000000051e800000, 0x000000051e800000, 0x000000051f000000|  0%| F|  |TAMS 0x000000051e800000, 0x000000051e800000| Untracked 
| 574|0x000000051f000000, 0x000000051f000000, 0x000000051f800000|  0%| F|  |TAMS 0x000000051f000000, 0x000000051f000000| Untracked 
| 575|0x000000051f800000, 0x000000051f800000, 0x0000000520000000|  0%| F|  |TAMS 0x000000051f800000, 0x000000051f800000| Untracked 
| 576|0x0000000520000000, 0x0000000520000000, 0x0000000520800000|  0%| F|  |TAMS 0x0000000520000000, 0x0000000520000000| Untracked 
| 577|0x0000000520800000, 0x0000000520800000, 0x0000000521000000|  0%| F|  |TAMS 0x0000000520800000, 0x0000000520800000| Untracked 
| 578|0x0000000521000000, 0x0000000521000000, 0x0000000521800000|  0%| F|  |TAMS 0x0000000521000000, 0x0000000521000000| Untracked 
| 579|0x0000000521800000, 0x0000000521800000, 0x0000000522000000|  0%| F|  |TAMS 0x0000000521800000, 0x0000000521800000| Untracked 
| 580|0x0000000522000000, 0x0000000522000000, 0x0000000522800000|  0%| F|  |TAMS 0x0000000522000000, 0x0000000522000000| Untracked 
| 581|0x0000000522800000, 0x0000000522800000, 0x0000000523000000|  0%| F|  |TAMS 0x0000000522800000, 0x0000000522800000| Untracked 
| 582|0x0000000523000000, 0x0000000523000000, 0x0000000523800000|  0%| F|  |TAMS 0x0000000523000000, 0x0000000523000000| Untracked 
| 583|0x0000000523800000, 0x0000000523800000, 0x0000000524000000|  0%| F|  |TAMS 0x0000000523800000, 0x0000000523800000| Untracked 
| 584|0x0000000524000000, 0x0000000524000000, 0x0000000524800000|  0%| F|  |TAMS 0x0000000524000000, 0x0000000524000000| Untracked 
| 585|0x0000000524800000, 0x0000000524800000, 0x0000000525000000|  0%| F|  |TAMS 0x0000000524800000, 0x0000000524800000| Untracked 
| 586|0x0000000525000000, 0x0000000525000000, 0x0000000525800000|  0%| F|  |TAMS 0x0000000525000000, 0x0000000525000000| Untracked 
| 587|0x0000000525800000, 0x0000000525800000, 0x0000000526000000|  0%| F|  |TAMS 0x0000000525800000, 0x0000000525800000| Untracked 
| 588|0x0000000526000000, 0x0000000526000000, 0x0000000526800000|  0%| F|  |TAMS 0x0000000526000000, 0x0000000526000000| Untracked 
| 589|0x0000000526800000, 0x0000000526800000, 0x0000000527000000|  0%| F|  |TAMS 0x0000000526800000, 0x0000000526800000| Untracked 
| 590|0x0000000527000000, 0x0000000527000000, 0x0000000527800000|  0%| F|  |TAMS 0x0000000527000000, 0x0000000527000000| Untracked 
| 591|0x0000000527800000, 0x0000000527800000, 0x0000000528000000|  0%| F|  |TAMS 0x0000000527800000, 0x0000000527800000| Untracked 
| 592|0x0000000528000000, 0x0000000528000000, 0x0000000528800000|  0%| F|  |TAMS 0x0000000528000000, 0x0000000528000000| Untracked 
| 593|0x0000000528800000, 0x0000000528800000, 0x0000000529000000|  0%| F|  |TAMS 0x0000000528800000, 0x0000000528800000| Untracked 
| 594|0x0000000529000000, 0x0000000529000000, 0x0000000529800000|  0%| F|  |TAMS 0x0000000529000000, 0x0000000529000000| Untracked 
| 595|0x0000000529800000, 0x0000000529800000, 0x000000052a000000|  0%| F|  |TAMS 0x0000000529800000, 0x0000000529800000| Untracked 
| 596|0x000000052a000000, 0x000000052a000000, 0x000000052a800000|  0%| F|  |TAMS 0x000000052a000000, 0x000000052a000000| Untracked 
| 597|0x000000052a800000, 0x000000052a800000, 0x000000052b000000|  0%| F|  |TAMS 0x000000052a800000, 0x000000052a800000| Untracked 
| 598|0x000000052b000000, 0x000000052b000000, 0x000000052b800000|  0%| F|  |TAMS 0x000000052b000000, 0x000000052b000000| Untracked 
| 599|0x000000052b800000, 0x000000052b800000, 0x000000052c000000|  0%| F|  |TAMS 0x000000052b800000, 0x000000052b800000| Untracked 
| 600|0x000000052c000000, 0x000000052c000000, 0x000000052c800000|  0%| F|  |TAMS 0x000000052c000000, 0x000000052c000000| Untracked 
| 601|0x000000052c800000, 0x000000052c800000, 0x000000052d000000|  0%| F|  |TAMS 0x000000052c800000, 0x000000052c800000| Untracked 
| 602|0x000000052d000000, 0x000000052d000000, 0x000000052d800000|  0%| F|  |TAMS 0x000000052d000000, 0x000000052d000000| Untracked 
| 603|0x000000052d800000, 0x000000052d800000, 0x000000052e000000|  0%| F|  |TAMS 0x000000052d800000, 0x000000052d800000| Untracked 
| 604|0x000000052e000000, 0x000000052e000000, 0x000000052e800000|  0%| F|  |TAMS 0x000000052e000000, 0x000000052e000000| Untracked 
| 605|0x000000052e800000, 0x000000052e800000, 0x000000052f000000|  0%| F|  |TAMS 0x000000052e800000, 0x000000052e800000| Untracked 
| 606|0x000000052f000000, 0x000000052f000000, 0x000000052f800000|  0%| F|  |TAMS 0x000000052f000000, 0x000000052f000000| Untracked 
| 607|0x000000052f800000, 0x000000052f800000, 0x0000000530000000|  0%| F|  |TAMS 0x000000052f800000, 0x000000052f800000| Untracked 
| 608|0x0000000530000000, 0x0000000530000000, 0x0000000530800000|  0%| F|  |TAMS 0x0000000530000000, 0x0000000530000000| Untracked 
| 609|0x0000000530800000, 0x0000000530800000, 0x0000000531000000|  0%| F|  |TAMS 0x0000000530800000, 0x0000000530800000| Untracked 
| 610|0x0000000531000000, 0x0000000531000000, 0x0000000531800000|  0%| F|  |TAMS 0x0000000531000000, 0x0000000531000000| Untracked 
| 611|0x0000000531800000, 0x0000000531800000, 0x0000000532000000|  0%| F|  |TAMS 0x0000000531800000, 0x0000000531800000| Untracked 
| 612|0x0000000532000000, 0x0000000532000000, 0x0000000532800000|  0%| F|  |TAMS 0x0000000532000000, 0x0000000532000000| Untracked 
| 613|0x0000000532800000, 0x0000000532800000, 0x0000000533000000|  0%| F|  |TAMS 0x0000000532800000, 0x0000000532800000| Untracked 
| 614|0x0000000533000000, 0x0000000533000000, 0x0000000533800000|  0%| F|  |TAMS 0x0000000533000000, 0x0000000533000000| Untracked 
| 615|0x0000000533800000, 0x0000000533800000, 0x0000000534000000|  0%| F|  |TAMS 0x0000000533800000, 0x0000000533800000| Untracked 
| 616|0x0000000534000000, 0x0000000534000000, 0x0000000534800000|  0%| F|  |TAMS 0x0000000534000000, 0x0000000534000000| Untracked 
| 617|0x0000000534800000, 0x0000000534800000, 0x0000000535000000|  0%| F|  |TAMS 0x0000000534800000, 0x0000000534800000| Untracked 
| 618|0x0000000535000000, 0x0000000535000000, 0x0000000535800000|  0%| F|  |TAMS 0x0000000535000000, 0x0000000535000000| Untracked 
| 619|0x0000000535800000, 0x0000000535800000, 0x0000000536000000|  0%| F|  |TAMS 0x0000000535800000, 0x0000000535800000| Untracked 
| 620|0x0000000536000000, 0x0000000536000000, 0x0000000536800000|  0%| F|  |TAMS 0x0000000536000000, 0x0000000536000000| Untracked 
| 621|0x0000000536800000, 0x0000000536800000, 0x0000000537000000|  0%| F|  |TAMS 0x0000000536800000, 0x0000000536800000| Untracked 
| 622|0x0000000537000000, 0x0000000537000000, 0x0000000537800000|  0%| F|  |TAMS 0x0000000537000000, 0x0000000537000000| Untracked 
| 623|0x0000000537800000, 0x0000000537800000, 0x0000000538000000|  0%| F|  |TAMS 0x0000000537800000, 0x0000000537800000| Untracked 
| 624|0x0000000538000000, 0x0000000538000000, 0x0000000538800000|  0%| F|  |TAMS 0x0000000538000000, 0x0000000538000000| Untracked 
| 625|0x0000000538800000, 0x0000000538800000, 0x0000000539000000|  0%| F|  |TAMS 0x0000000538800000, 0x0000000538800000| Untracked 
| 626|0x0000000539000000, 0x0000000539000000, 0x0000000539800000|  0%| F|  |TAMS 0x0000000539000000, 0x0000000539000000| Untracked 
| 627|0x0000000539800000, 0x0000000539800000, 0x000000053a000000|  0%| F|  |TAMS 0x0000000539800000, 0x0000000539800000| Untracked 
| 628|0x000000053a000000, 0x000000053a000000, 0x000000053a800000|  0%| F|  |TAMS 0x000000053a000000, 0x000000053a000000| Untracked 
| 629|0x000000053a800000, 0x000000053a800000, 0x000000053b000000|  0%| F|  |TAMS 0x000000053a800000, 0x000000053a800000| Untracked 
| 630|0x000000053b000000, 0x000000053b000000, 0x000000053b800000|  0%| F|  |TAMS 0x000000053b000000, 0x000000053b000000| Untracked 
| 631|0x000000053b800000, 0x000000053b800000, 0x000000053c000000|  0%| F|  |TAMS 0x000000053b800000, 0x000000053b800000| Untracked 
| 632|0x000000053c000000, 0x000000053c000000, 0x000000053c800000|  0%| F|  |TAMS 0x000000053c000000, 0x000000053c000000| Untracked 
| 633|0x000000053c800000, 0x000000053c800000, 0x000000053d000000|  0%| F|  |TAMS 0x000000053c800000, 0x000000053c800000| Untracked 
| 634|0x000000053d000000, 0x000000053d000000, 0x000000053d800000|  0%| F|  |TAMS 0x000000053d000000, 0x000000053d000000| Untracked 
| 635|0x000000053d800000, 0x000000053d800000, 0x000000053e000000|  0%| F|  |TAMS 0x000000053d800000, 0x000000053d800000| Untracked 
| 636|0x000000053e000000, 0x000000053e000000, 0x000000053e800000|  0%| F|  |TAMS 0x000000053e000000, 0x000000053e000000| Untracked 
| 637|0x000000053e800000, 0x000000053e800000, 0x000000053f000000|  0%| F|  |TAMS 0x000000053e800000, 0x000000053e800000| Untracked 
| 638|0x000000053f000000, 0x000000053f000000, 0x000000053f800000|  0%| F|  |TAMS 0x000000053f000000, 0x000000053f000000| Untracked 
| 639|0x000000053f800000, 0x000000053f800000, 0x0000000540000000|  0%| F|  |TAMS 0x000000053f800000, 0x000000053f800000| Untracked 
| 640|0x0000000540000000, 0x0000000540000000, 0x0000000540800000|  0%| F|  |TAMS 0x0000000540000000, 0x0000000540000000| Untracked 
| 641|0x0000000540800000, 0x0000000540800000, 0x0000000541000000|  0%| F|  |TAMS 0x0000000540800000, 0x0000000540800000| Untracked 
| 642|0x0000000541000000, 0x0000000541000000, 0x0000000541800000|  0%| F|  |TAMS 0x0000000541000000, 0x0000000541000000| Untracked 
| 643|0x0000000541800000, 0x0000000541800000, 0x0000000542000000|  0%| F|  |TAMS 0x0000000541800000, 0x0000000541800000| Untracked 
| 644|0x0000000542000000, 0x0000000542000000, 0x0000000542800000|  0%| F|  |TAMS 0x0000000542000000, 0x0000000542000000| Untracked 
| 645|0x0000000542800000, 0x0000000542800000, 0x0000000543000000|  0%| F|  |TAMS 0x0000000542800000, 0x0000000542800000| Untracked 
| 646|0x0000000543000000, 0x0000000543000000, 0x0000000543800000|  0%| F|  |TAMS 0x0000000543000000, 0x0000000543000000| Untracked 
| 647|0x0000000543800000, 0x0000000543800000, 0x0000000544000000|  0%| F|  |TAMS 0x0000000543800000, 0x0000000543800000| Untracked 
| 648|0x0000000544000000, 0x0000000544000000, 0x0000000544800000|  0%| F|  |TAMS 0x0000000544000000, 0x0000000544000000| Untracked 
| 649|0x0000000544800000, 0x0000000544800000, 0x0000000545000000|  0%| F|  |TAMS 0x0000000544800000, 0x0000000544800000| Untracked 
| 650|0x0000000545000000, 0x0000000545000000, 0x0000000545800000|  0%| F|  |TAMS 0x0000000545000000, 0x0000000545000000| Untracked 
| 651|0x0000000545800000, 0x0000000545800000, 0x0000000546000000|  0%| F|  |TAMS 0x0000000545800000, 0x0000000545800000| Untracked 
| 652|0x0000000546000000, 0x0000000546000000, 0x0000000546800000|  0%| F|  |TAMS 0x0000000546000000, 0x0000000546000000| Untracked 
| 653|0x0000000546800000, 0x0000000546800000, 0x0000000547000000|  0%| F|  |TAMS 0x0000000546800000, 0x0000000546800000| Untracked 
| 654|0x0000000547000000, 0x0000000547000000, 0x0000000547800000|  0%| F|  |TAMS 0x0000000547000000, 0x0000000547000000| Untracked 
| 655|0x0000000547800000, 0x0000000547800000, 0x0000000548000000|  0%| F|  |TAMS 0x0000000547800000, 0x0000000547800000| Untracked 
| 656|0x0000000548000000, 0x0000000548000000, 0x0000000548800000|  0%| F|  |TAMS 0x0000000548000000, 0x0000000548000000| Untracked 
| 657|0x0000000548800000, 0x0000000548800000, 0x0000000549000000|  0%| F|  |TAMS 0x0000000548800000, 0x0000000548800000| Untracked 
| 658|0x0000000549000000, 0x0000000549000000, 0x0000000549800000|  0%| F|  |TAMS 0x0000000549000000, 0x0000000549000000| Untracked 
| 659|0x0000000549800000, 0x0000000549800000, 0x000000054a000000|  0%| F|  |TAMS 0x0000000549800000, 0x0000000549800000| Untracked 
| 660|0x000000054a000000, 0x000000054a000000, 0x000000054a800000|  0%| F|  |TAMS 0x000000054a000000, 0x000000054a000000| Untracked 
| 661|0x000000054a800000, 0x000000054a800000, 0x000000054b000000|  0%| F|  |TAMS 0x000000054a800000, 0x000000054a800000| Untracked 
| 662|0x000000054b000000, 0x000000054b000000, 0x000000054b800000|  0%| F|  |TAMS 0x000000054b000000, 0x000000054b000000| Untracked 
| 663|0x000000054b800000, 0x000000054b800000, 0x000000054c000000|  0%| F|  |TAMS 0x000000054b800000, 0x000000054b800000| Untracked 
| 664|0x000000054c000000, 0x000000054c000000, 0x000000054c800000|  0%| F|  |TAMS 0x000000054c000000, 0x000000054c000000| Untracked 
| 665|0x000000054c800000, 0x000000054c800000, 0x000000054d000000|  0%| F|  |TAMS 0x000000054c800000, 0x000000054c800000| Untracked 
| 666|0x000000054d000000, 0x000000054d000000, 0x000000054d800000|  0%| F|  |TAMS 0x000000054d000000, 0x000000054d000000| Untracked 
| 667|0x000000054d800000, 0x000000054d800000, 0x000000054e000000|  0%| F|  |TAMS 0x000000054d800000, 0x000000054d800000| Untracked 
| 668|0x000000054e000000, 0x000000054e000000, 0x000000054e800000|  0%| F|  |TAMS 0x000000054e000000, 0x000000054e000000| Untracked 
| 669|0x000000054e800000, 0x000000054e800000, 0x000000054f000000|  0%| F|  |TAMS 0x000000054e800000, 0x000000054e800000| Untracked 
| 670|0x000000054f000000, 0x000000054f000000, 0x000000054f800000|  0%| F|  |TAMS 0x000000054f000000, 0x000000054f000000| Untracked 
| 671|0x000000054f800000, 0x000000054f800000, 0x0000000550000000|  0%| F|  |TAMS 0x000000054f800000, 0x000000054f800000| Untracked 
| 672|0x0000000550000000, 0x0000000550000000, 0x0000000550800000|  0%| F|  |TAMS 0x0000000550000000, 0x0000000550000000| Untracked 
| 673|0x0000000550800000, 0x0000000550800000, 0x0000000551000000|  0%| F|  |TAMS 0x0000000550800000, 0x0000000550800000| Untracked 
| 674|0x0000000551000000, 0x0000000551000000, 0x0000000551800000|  0%| F|  |TAMS 0x0000000551000000, 0x0000000551000000| Untracked 
| 675|0x0000000551800000, 0x0000000551800000, 0x0000000552000000|  0%| F|  |TAMS 0x0000000551800000, 0x0000000551800000| Untracked 
| 676|0x0000000552000000, 0x0000000552000000, 0x0000000552800000|  0%| F|  |TAMS 0x0000000552000000, 0x0000000552000000| Untracked 
| 677|0x0000000552800000, 0x0000000552800000, 0x0000000553000000|  0%| F|  |TAMS 0x0000000552800000, 0x0000000552800000| Untracked 
| 678|0x0000000553000000, 0x0000000553000000, 0x0000000553800000|  0%| F|  |TAMS 0x0000000553000000, 0x0000000553000000| Untracked 
| 679|0x0000000553800000, 0x0000000553800000, 0x0000000554000000|  0%| F|  |TAMS 0x0000000553800000, 0x0000000553800000| Untracked 
| 680|0x0000000554000000, 0x0000000554000000, 0x0000000554800000|  0%| F|  |TAMS 0x0000000554000000, 0x0000000554000000| Untracked 
| 681|0x0000000554800000, 0x0000000554800000, 0x0000000555000000|  0%| F|  |TAMS 0x0000000554800000, 0x0000000554800000| Untracked 
| 682|0x0000000555000000, 0x0000000555000000, 0x0000000555800000|  0%| F|  |TAMS 0x0000000555000000, 0x0000000555000000| Untracked 
| 683|0x0000000555800000, 0x0000000555800000, 0x0000000556000000|  0%| F|  |TAMS 0x0000000555800000, 0x0000000555800000| Untracked 
| 684|0x0000000556000000, 0x0000000556000000, 0x0000000556800000|  0%| F|  |TAMS 0x0000000556000000, 0x0000000556000000| Untracked 
| 685|0x0000000556800000, 0x0000000556800000, 0x0000000557000000|  0%| F|  |TAMS 0x0000000556800000, 0x0000000556800000| Untracked 
| 686|0x0000000557000000, 0x0000000557000000, 0x0000000557800000|  0%| F|  |TAMS 0x0000000557000000, 0x0000000557000000| Untracked 
| 687|0x0000000557800000, 0x0000000557800000, 0x0000000558000000|  0%| F|  |TAMS 0x0000000557800000, 0x0000000557800000| Untracked 
| 688|0x0000000558000000, 0x0000000558000000, 0x0000000558800000|  0%| F|  |TAMS 0x0000000558000000, 0x0000000558000000| Untracked 
| 689|0x0000000558800000, 0x0000000558800000, 0x0000000559000000|  0%| F|  |TAMS 0x0000000558800000, 0x0000000558800000| Untracked 
| 690|0x0000000559000000, 0x0000000559000000, 0x0000000559800000|  0%| F|  |TAMS 0x0000000559000000, 0x0000000559000000| Untracked 
| 691|0x0000000559800000, 0x0000000559800000, 0x000000055a000000|  0%| F|  |TAMS 0x0000000559800000, 0x0000000559800000| Untracked 
| 692|0x000000055a000000, 0x000000055a000000, 0x000000055a800000|  0%| F|  |TAMS 0x000000055a000000, 0x000000055a000000| Untracked 
| 693|0x000000055a800000, 0x000000055a800000, 0x000000055b000000|  0%| F|  |TAMS 0x000000055a800000, 0x000000055a800000| Untracked 
| 694|0x000000055b000000, 0x000000055b000000, 0x000000055b800000|  0%| F|  |TAMS 0x000000055b000000, 0x000000055b000000| Untracked 
| 695|0x000000055b800000, 0x000000055b800000, 0x000000055c000000|  0%| F|  |TAMS 0x000000055b800000, 0x000000055b800000| Untracked 
| 696|0x000000055c000000, 0x000000055c000000, 0x000000055c800000|  0%| F|  |TAMS 0x000000055c000000, 0x000000055c000000| Untracked 
| 697|0x000000055c800000, 0x000000055c800000, 0x000000055d000000|  0%| F|  |TAMS 0x000000055c800000, 0x000000055c800000| Untracked 
| 698|0x000000055d000000, 0x000000055d000000, 0x000000055d800000|  0%| F|  |TAMS 0x000000055d000000, 0x000000055d000000| Untracked 
| 699|0x000000055d800000, 0x000000055d800000, 0x000000055e000000|  0%| F|  |TAMS 0x000000055d800000, 0x000000055d800000| Untracked 
| 700|0x000000055e000000, 0x000000055e000000, 0x000000055e800000|  0%| F|  |TAMS 0x000000055e000000, 0x000000055e000000| Untracked 
| 701|0x000000055e800000, 0x000000055e800000, 0x000000055f000000|  0%| F|  |TAMS 0x000000055e800000, 0x000000055e800000| Untracked 
| 702|0x000000055f000000, 0x000000055f000000, 0x000000055f800000|  0%| F|  |TAMS 0x000000055f000000, 0x000000055f000000| Untracked 
| 703|0x000000055f800000, 0x000000055f800000, 0x0000000560000000|  0%| F|  |TAMS 0x000000055f800000, 0x000000055f800000| Untracked 
| 704|0x0000000560000000, 0x0000000560000000, 0x0000000560800000|  0%| F|  |TAMS 0x0000000560000000, 0x0000000560000000| Untracked 
| 705|0x0000000560800000, 0x0000000560800000, 0x0000000561000000|  0%| F|  |TAMS 0x0000000560800000, 0x0000000560800000| Untracked 
| 706|0x0000000561000000, 0x0000000561000000, 0x0000000561800000|  0%| F|  |TAMS 0x0000000561000000, 0x0000000561000000| Untracked 
| 707|0x0000000561800000, 0x0000000561800000, 0x0000000562000000|  0%| F|  |TAMS 0x0000000561800000, 0x0000000561800000| Untracked 
| 708|0x0000000562000000, 0x0000000562000000, 0x0000000562800000|  0%| F|  |TAMS 0x0000000562000000, 0x0000000562000000| Untracked 
| 709|0x0000000562800000, 0x0000000562800000, 0x0000000563000000|  0%| F|  |TAMS 0x0000000562800000, 0x0000000562800000| Untracked 
| 710|0x0000000563000000, 0x0000000563000000, 0x0000000563800000|  0%| F|  |TAMS 0x0000000563000000, 0x0000000563000000| Untracked 
| 711|0x0000000563800000, 0x0000000563800000, 0x0000000564000000|  0%| F|  |TAMS 0x0000000563800000, 0x0000000563800000| Untracked 
| 712|0x0000000564000000, 0x0000000564000000, 0x0000000564800000|  0%| F|  |TAMS 0x0000000564000000, 0x0000000564000000| Untracked 
| 713|0x0000000564800000, 0x0000000564800000, 0x0000000565000000|  0%| F|  |TAMS 0x0000000564800000, 0x0000000564800000| Untracked 
| 714|0x0000000565000000, 0x0000000565000000, 0x0000000565800000|  0%| F|  |TAMS 0x0000000565000000, 0x0000000565000000| Untracked 
| 715|0x0000000565800000, 0x0000000565800000, 0x0000000566000000|  0%| F|  |TAMS 0x0000000565800000, 0x0000000565800000| Untracked 
| 716|0x0000000566000000, 0x0000000566000000, 0x0000000566800000|  0%| F|  |TAMS 0x0000000566000000, 0x0000000566000000| Untracked 
| 717|0x0000000566800000, 0x0000000566800000, 0x0000000567000000|  0%| F|  |TAMS 0x0000000566800000, 0x0000000566800000| Untracked 
| 718|0x0000000567000000, 0x0000000567000000, 0x0000000567800000|  0%| F|  |TAMS 0x0000000567000000, 0x0000000567000000| Untracked 
| 719|0x0000000567800000, 0x0000000567800000, 0x0000000568000000|  0%| F|  |TAMS 0x0000000567800000, 0x0000000567800000| Untracked 
| 720|0x0000000568000000, 0x0000000568000000, 0x0000000568800000|  0%| F|  |TAMS 0x0000000568000000, 0x0000000568000000| Untracked 
| 721|0x0000000568800000, 0x0000000568800000, 0x0000000569000000|  0%| F|  |TAMS 0x0000000568800000, 0x0000000568800000| Untracked 
| 722|0x0000000569000000, 0x0000000569000000, 0x0000000569800000|  0%| F|  |TAMS 0x0000000569000000, 0x0000000569000000| Untracked 
| 723|0x0000000569800000, 0x0000000569800000, 0x000000056a000000|  0%| F|  |TAMS 0x0000000569800000, 0x0000000569800000| Untracked 
| 724|0x000000056a000000, 0x000000056a000000, 0x000000056a800000|  0%| F|  |TAMS 0x000000056a000000, 0x000000056a000000| Untracked 
| 725|0x000000056a800000, 0x000000056a800000, 0x000000056b000000|  0%| F|  |TAMS 0x000000056a800000, 0x000000056a800000| Untracked 
| 726|0x000000056b000000, 0x000000056b000000, 0x000000056b800000|  0%| F|  |TAMS 0x000000056b000000, 0x000000056b000000| Untracked 
| 727|0x000000056b800000, 0x000000056b800000, 0x000000056c000000|  0%| F|  |TAMS 0x000000056b800000, 0x000000056b800000| Untracked 
| 728|0x000000056c000000, 0x000000056c000000, 0x000000056c800000|  0%| F|  |TAMS 0x000000056c000000, 0x000000056c000000| Untracked 
| 729|0x000000056c800000, 0x000000056c800000, 0x000000056d000000|  0%| F|  |TAMS 0x000000056c800000, 0x000000056c800000| Untracked 
| 730|0x000000056d000000, 0x000000056d000000, 0x000000056d800000|  0%| F|  |TAMS 0x000000056d000000, 0x000000056d000000| Untracked 
| 731|0x000000056d800000, 0x000000056d800000, 0x000000056e000000|  0%| F|  |TAMS 0x000000056d800000, 0x000000056d800000| Untracked 
| 732|0x000000056e000000, 0x000000056e000000, 0x000000056e800000|  0%| F|  |TAMS 0x000000056e000000, 0x000000056e000000| Untracked 
| 733|0x000000056e800000, 0x000000056e800000, 0x000000056f000000|  0%| F|  |TAMS 0x000000056e800000, 0x000000056e800000| Untracked 
| 734|0x000000056f000000, 0x000000056f000000, 0x000000056f800000|  0%| F|  |TAMS 0x000000056f000000, 0x000000056f000000| Untracked 
| 735|0x000000056f800000, 0x000000056f800000, 0x0000000570000000|  0%| F|  |TAMS 0x000000056f800000, 0x000000056f800000| Untracked 
| 736|0x0000000570000000, 0x0000000570000000, 0x0000000570800000|  0%| F|  |TAMS 0x0000000570000000, 0x0000000570000000| Untracked 
| 737|0x0000000570800000, 0x0000000570800000, 0x0000000571000000|  0%| F|  |TAMS 0x0000000570800000, 0x0000000570800000| Untracked 
| 738|0x0000000571000000, 0x0000000571000000, 0x0000000571800000|  0%| F|  |TAMS 0x0000000571000000, 0x0000000571000000| Untracked 
| 739|0x0000000571800000, 0x0000000571800000, 0x0000000572000000|  0%| F|  |TAMS 0x0000000571800000, 0x0000000571800000| Untracked 
| 740|0x0000000572000000, 0x0000000572000000, 0x0000000572800000|  0%| F|  |TAMS 0x0000000572000000, 0x0000000572000000| Untracked 
| 741|0x0000000572800000, 0x0000000572800000, 0x0000000573000000|  0%| F|  |TAMS 0x0000000572800000, 0x0000000572800000| Untracked 
| 742|0x0000000573000000, 0x0000000573000000, 0x0000000573800000|  0%| F|  |TAMS 0x0000000573000000, 0x0000000573000000| Untracked 
| 743|0x0000000573800000, 0x0000000573800000, 0x0000000574000000|  0%| F|  |TAMS 0x0000000573800000, 0x0000000573800000| Untracked 
| 744|0x0000000574000000, 0x0000000574000000, 0x0000000574800000|  0%| F|  |TAMS 0x0000000574000000, 0x0000000574000000| Untracked 
| 745|0x0000000574800000, 0x0000000574800000, 0x0000000575000000|  0%| F|  |TAMS 0x0000000574800000, 0x0000000574800000| Untracked 
| 746|0x0000000575000000, 0x0000000575000000, 0x0000000575800000|  0%| F|  |TAMS 0x0000000575000000, 0x0000000575000000| Untracked 
| 747|0x0000000575800000, 0x0000000575800000, 0x0000000576000000|  0%| F|  |TAMS 0x0000000575800000, 0x0000000575800000| Untracked 
| 748|0x0000000576000000, 0x0000000576000000, 0x0000000576800000|  0%| F|  |TAMS 0x0000000576000000, 0x0000000576000000| Untracked 
| 749|0x0000000576800000, 0x0000000576800000, 0x0000000577000000|  0%| F|  |TAMS 0x0000000576800000, 0x0000000576800000| Untracked 
| 750|0x0000000577000000, 0x0000000577000000, 0x0000000577800000|  0%| F|  |TAMS 0x0000000577000000, 0x0000000577000000| Untracked 
| 751|0x0000000577800000, 0x0000000577800000, 0x0000000578000000|  0%| F|  |TAMS 0x0000000577800000, 0x0000000577800000| Untracked 
| 752|0x0000000578000000, 0x0000000578000000, 0x0000000578800000|  0%| F|  |TAMS 0x0000000578000000, 0x0000000578000000| Untracked 
| 753|0x0000000578800000, 0x0000000578800000, 0x0000000579000000|  0%| F|  |TAMS 0x0000000578800000, 0x0000000578800000| Untracked 
| 754|0x0000000579000000, 0x0000000579000000, 0x0000000579800000|  0%| F|  |TAMS 0x0000000579000000, 0x0000000579000000| Untracked 
| 755|0x0000000579800000, 0x0000000579800000, 0x000000057a000000|  0%| F|  |TAMS 0x0000000579800000, 0x0000000579800000| Untracked 
| 756|0x000000057a000000, 0x000000057a000000, 0x000000057a800000|  0%| F|  |TAMS 0x000000057a000000, 0x000000057a000000| Untracked 
| 757|0x000000057a800000, 0x000000057a800000, 0x000000057b000000|  0%| F|  |TAMS 0x000000057a800000, 0x000000057a800000| Untracked 
| 758|0x000000057b000000, 0x000000057b000000, 0x000000057b800000|  0%| F|  |TAMS 0x000000057b000000, 0x000000057b000000| Untracked 
| 759|0x000000057b800000, 0x000000057b800000, 0x000000057c000000|  0%| F|  |TAMS 0x000000057b800000, 0x000000057b800000| Untracked 
| 760|0x000000057c000000, 0x000000057c000000, 0x000000057c800000|  0%| F|  |TAMS 0x000000057c000000, 0x000000057c000000| Untracked 
| 761|0x000000057c800000, 0x000000057c800000, 0x000000057d000000|  0%| F|  |TAMS 0x000000057c800000, 0x000000057c800000| Untracked 
| 762|0x000000057d000000, 0x000000057d000000, 0x000000057d800000|  0%| F|  |TAMS 0x000000057d000000, 0x000000057d000000| Untracked 
| 763|0x000000057d800000, 0x000000057d800000, 0x000000057e000000|  0%| F|  |TAMS 0x000000057d800000, 0x000000057d800000| Untracked 
| 764|0x000000057e000000, 0x000000057e000000, 0x000000057e800000|  0%| F|  |TAMS 0x000000057e000000, 0x000000057e000000| Untracked 
| 765|0x000000057e800000, 0x000000057e800000, 0x000000057f000000|  0%| F|  |TAMS 0x000000057e800000, 0x000000057e800000| Untracked 
| 766|0x000000057f000000, 0x000000057f000000, 0x000000057f800000|  0%| F|  |TAMS 0x000000057f000000, 0x000000057f000000| Untracked 
| 767|0x000000057f800000, 0x000000057f800000, 0x0000000580000000|  0%| F|  |TAMS 0x000000057f800000, 0x000000057f800000| Untracked 
| 768|0x0000000580000000, 0x0000000580000000, 0x0000000580800000|  0%| F|  |TAMS 0x0000000580000000, 0x0000000580000000| Untracked 
| 769|0x0000000580800000, 0x0000000580800000, 0x0000000581000000|  0%| F|  |TAMS 0x0000000580800000, 0x0000000580800000| Untracked 
| 770|0x0000000581000000, 0x0000000581000000, 0x0000000581800000|  0%| F|  |TAMS 0x0000000581000000, 0x0000000581000000| Untracked 
| 771|0x0000000581800000, 0x0000000581800000, 0x0000000582000000|  0%| F|  |TAMS 0x0000000581800000, 0x0000000581800000| Untracked 
| 772|0x0000000582000000, 0x0000000582000000, 0x0000000582800000|  0%| F|  |TAMS 0x0000000582000000, 0x0000000582000000| Untracked 
| 773|0x0000000582800000, 0x0000000582800000, 0x0000000583000000|  0%| F|  |TAMS 0x0000000582800000, 0x0000000582800000| Untracked 
| 774|0x0000000583000000, 0x0000000583000000, 0x0000000583800000|  0%| F|  |TAMS 0x0000000583000000, 0x0000000583000000| Untracked 
| 775|0x0000000583800000, 0x0000000583800000, 0x0000000584000000|  0%| F|  |TAMS 0x0000000583800000, 0x0000000583800000| Untracked 
| 776|0x0000000584000000, 0x0000000584000000, 0x0000000584800000|  0%| F|  |TAMS 0x0000000584000000, 0x0000000584000000| Untracked 
| 777|0x0000000584800000, 0x0000000584800000, 0x0000000585000000|  0%| F|  |TAMS 0x0000000584800000, 0x0000000584800000| Untracked 
| 778|0x0000000585000000, 0x0000000585000000, 0x0000000585800000|  0%| F|  |TAMS 0x0000000585000000, 0x0000000585000000| Untracked 
| 779|0x0000000585800000, 0x0000000585800000, 0x0000000586000000|  0%| F|  |TAMS 0x0000000585800000, 0x0000000585800000| Untracked 
| 780|0x0000000586000000, 0x0000000586000000, 0x0000000586800000|  0%| F|  |TAMS 0x0000000586000000, 0x0000000586000000| Untracked 
| 781|0x0000000586800000, 0x0000000586800000, 0x0000000587000000|  0%| F|  |TAMS 0x0000000586800000, 0x0000000586800000| Untracked 
| 782|0x0000000587000000, 0x0000000587000000, 0x0000000587800000|  0%| F|  |TAMS 0x0000000587000000, 0x0000000587000000| Untracked 
| 783|0x0000000587800000, 0x0000000587800000, 0x0000000588000000|  0%| F|  |TAMS 0x0000000587800000, 0x0000000587800000| Untracked 
| 784|0x0000000588000000, 0x0000000588000000, 0x0000000588800000|  0%| F|  |TAMS 0x0000000588000000, 0x0000000588000000| Untracked 
| 785|0x0000000588800000, 0x0000000588800000, 0x0000000589000000|  0%| F|  |TAMS 0x0000000588800000, 0x0000000588800000| Untracked 
| 786|0x0000000589000000, 0x0000000589000000, 0x0000000589800000|  0%| F|  |TAMS 0x0000000589000000, 0x0000000589000000| Untracked 
| 787|0x0000000589800000, 0x0000000589800000, 0x000000058a000000|  0%| F|  |TAMS 0x0000000589800000, 0x0000000589800000| Untracked 
| 788|0x000000058a000000, 0x000000058a000000, 0x000000058a800000|  0%| F|  |TAMS 0x000000058a000000, 0x000000058a000000| Untracked 
| 789|0x000000058a800000, 0x000000058a800000, 0x000000058b000000|  0%| F|  |TAMS 0x000000058a800000, 0x000000058a800000| Untracked 
| 790|0x000000058b000000, 0x000000058b000000, 0x000000058b800000|  0%| F|  |TAMS 0x000000058b000000, 0x000000058b000000| Untracked 
| 791|0x000000058b800000, 0x000000058b800000, 0x000000058c000000|  0%| F|  |TAMS 0x000000058b800000, 0x000000058b800000| Untracked 
| 792|0x000000058c000000, 0x000000058c000000, 0x000000058c800000|  0%| F|  |TAMS 0x000000058c000000, 0x000000058c000000| Untracked 
| 793|0x000000058c800000, 0x000000058c800000, 0x000000058d000000|  0%| F|  |TAMS 0x000000058c800000, 0x000000058c800000| Untracked 
| 794|0x000000058d000000, 0x000000058d000000, 0x000000058d800000|  0%| F|  |TAMS 0x000000058d000000, 0x000000058d000000| Untracked 
| 795|0x000000058d800000, 0x000000058d800000, 0x000000058e000000|  0%| F|  |TAMS 0x000000058d800000, 0x000000058d800000| Untracked 
| 796|0x000000058e000000, 0x000000058e000000, 0x000000058e800000|  0%| F|  |TAMS 0x000000058e000000, 0x000000058e000000| Untracked 
| 797|0x000000058e800000, 0x000000058e800000, 0x000000058f000000|  0%| F|  |TAMS 0x000000058e800000, 0x000000058e800000| Untracked 
| 798|0x000000058f000000, 0x000000058f000000, 0x000000058f800000|  0%| F|  |TAMS 0x000000058f000000, 0x000000058f000000| Untracked 
| 799|0x000000058f800000, 0x000000058f800000, 0x0000000590000000|  0%| F|  |TAMS 0x000000058f800000, 0x000000058f800000| Untracked 
| 800|0x0000000590000000, 0x0000000590000000, 0x0000000590800000|  0%| F|  |TAMS 0x0000000590000000, 0x0000000590000000| Untracked 
| 801|0x0000000590800000, 0x0000000590800000, 0x0000000591000000|  0%| F|  |TAMS 0x0000000590800000, 0x0000000590800000| Untracked 
| 802|0x0000000591000000, 0x0000000591000000, 0x0000000591800000|  0%| F|  |TAMS 0x0000000591000000, 0x0000000591000000| Untracked 
| 803|0x0000000591800000, 0x0000000591800000, 0x0000000592000000|  0%| F|  |TAMS 0x0000000591800000, 0x0000000591800000| Untracked 
| 804|0x0000000592000000, 0x0000000592000000, 0x0000000592800000|  0%| F|  |TAMS 0x0000000592000000, 0x0000000592000000| Untracked 
| 805|0x0000000592800000, 0x0000000592800000, 0x0000000593000000|  0%| F|  |TAMS 0x0000000592800000, 0x0000000592800000| Untracked 
| 806|0x0000000593000000, 0x0000000593000000, 0x0000000593800000|  0%| F|  |TAMS 0x0000000593000000, 0x0000000593000000| Untracked 
| 807|0x0000000593800000, 0x0000000593800000, 0x0000000594000000|  0%| F|  |TAMS 0x0000000593800000, 0x0000000593800000| Untracked 
| 808|0x0000000594000000, 0x0000000594000000, 0x0000000594800000|  0%| F|  |TAMS 0x0000000594000000, 0x0000000594000000| Untracked 
| 809|0x0000000594800000, 0x0000000594800000, 0x0000000595000000|  0%| F|  |TAMS 0x0000000594800000, 0x0000000594800000| Untracked 
| 810|0x0000000595000000, 0x0000000595000000, 0x0000000595800000|  0%| F|  |TAMS 0x0000000595000000, 0x0000000595000000| Untracked 
| 811|0x0000000595800000, 0x0000000595800000, 0x0000000596000000|  0%| F|  |TAMS 0x0000000595800000, 0x0000000595800000| Untracked 
| 812|0x0000000596000000, 0x0000000596000000, 0x0000000596800000|  0%| F|  |TAMS 0x0000000596000000, 0x0000000596000000| Untracked 
| 813|0x0000000596800000, 0x0000000596800000, 0x0000000597000000|  0%| F|  |TAMS 0x0000000596800000, 0x0000000596800000| Untracked 
| 814|0x0000000597000000, 0x0000000597000000, 0x0000000597800000|  0%| F|  |TAMS 0x0000000597000000, 0x0000000597000000| Untracked 
| 815|0x0000000597800000, 0x0000000597800000, 0x0000000598000000|  0%| F|  |TAMS 0x0000000597800000, 0x0000000597800000| Untracked 
| 816|0x0000000598000000, 0x0000000598000000, 0x0000000598800000|  0%| F|  |TAMS 0x0000000598000000, 0x0000000598000000| Untracked 
| 817|0x0000000598800000, 0x0000000598800000, 0x0000000599000000|  0%| F|  |TAMS 0x0000000598800000, 0x0000000598800000| Untracked 
| 818|0x0000000599000000, 0x0000000599000000, 0x0000000599800000|  0%| F|  |TAMS 0x0000000599000000, 0x0000000599000000| Untracked 
| 819|0x0000000599800000, 0x0000000599800000, 0x000000059a000000|  0%| F|  |TAMS 0x0000000599800000, 0x0000000599800000| Untracked 
| 820|0x000000059a000000, 0x000000059a000000, 0x000000059a800000|  0%| F|  |TAMS 0x000000059a000000, 0x000000059a000000| Untracked 
| 821|0x000000059a800000, 0x000000059a800000, 0x000000059b000000|  0%| F|  |TAMS 0x000000059a800000, 0x000000059a800000| Untracked 
| 822|0x000000059b000000, 0x000000059b000000, 0x000000059b800000|  0%| F|  |TAMS 0x000000059b000000, 0x000000059b000000| Untracked 
| 823|0x000000059b800000, 0x000000059b800000, 0x000000059c000000|  0%| F|  |TAMS 0x000000059b800000, 0x000000059b800000| Untracked 
| 824|0x000000059c000000, 0x000000059c000000, 0x000000059c800000|  0%| F|  |TAMS 0x000000059c000000, 0x000000059c000000| Untracked 
| 825|0x000000059c800000, 0x000000059c800000, 0x000000059d000000|  0%| F|  |TAMS 0x000000059c800000, 0x000000059c800000| Untracked 
| 826|0x000000059d000000, 0x000000059d000000, 0x000000059d800000|  0%| F|  |TAMS 0x000000059d000000, 0x000000059d000000| Untracked 
| 827|0x000000059d800000, 0x000000059d800000, 0x000000059e000000|  0%| F|  |TAMS 0x000000059d800000, 0x000000059d800000| Untracked 
| 828|0x000000059e000000, 0x000000059e000000, 0x000000059e800000|  0%| F|  |TAMS 0x000000059e000000, 0x000000059e000000| Untracked 
| 829|0x000000059e800000, 0x000000059e800000, 0x000000059f000000|  0%| F|  |TAMS 0x000000059e800000, 0x000000059e800000| Untracked 
| 830|0x000000059f000000, 0x000000059f000000, 0x000000059f800000|  0%| F|  |TAMS 0x000000059f000000, 0x000000059f000000| Untracked 
| 831|0x000000059f800000, 0x000000059f800000, 0x00000005a0000000|  0%| F|  |TAMS 0x000000059f800000, 0x000000059f800000| Untracked 
| 832|0x00000005a0000000, 0x00000005a0000000, 0x00000005a0800000|  0%| F|  |TAMS 0x00000005a0000000, 0x00000005a0000000| Untracked 
| 833|0x00000005a0800000, 0x00000005a0800000, 0x00000005a1000000|  0%| F|  |TAMS 0x00000005a0800000, 0x00000005a0800000| Untracked 
| 834|0x00000005a1000000, 0x00000005a1000000, 0x00000005a1800000|  0%| F|  |TAMS 0x00000005a1000000, 0x00000005a1000000| Untracked 
| 835|0x00000005a1800000, 0x00000005a1800000, 0x00000005a2000000|  0%| F|  |TAMS 0x00000005a1800000, 0x00000005a1800000| Untracked 
| 836|0x00000005a2000000, 0x00000005a2000000, 0x00000005a2800000|  0%| F|  |TAMS 0x00000005a2000000, 0x00000005a2000000| Untracked 
| 837|0x00000005a2800000, 0x00000005a2800000, 0x00000005a3000000|  0%| F|  |TAMS 0x00000005a2800000, 0x00000005a2800000| Untracked 
| 838|0x00000005a3000000, 0x00000005a3000000, 0x00000005a3800000|  0%| F|  |TAMS 0x00000005a3000000, 0x00000005a3000000| Untracked 
| 839|0x00000005a3800000, 0x00000005a3800000, 0x00000005a4000000|  0%| F|  |TAMS 0x00000005a3800000, 0x00000005a3800000| Untracked 
| 840|0x00000005a4000000, 0x00000005a4000000, 0x00000005a4800000|  0%| F|  |TAMS 0x00000005a4000000, 0x00000005a4000000| Untracked 
| 841|0x00000005a4800000, 0x00000005a4800000, 0x00000005a5000000|  0%| F|  |TAMS 0x00000005a4800000, 0x00000005a4800000| Untracked 
| 842|0x00000005a5000000, 0x00000005a5000000, 0x00000005a5800000|  0%| F|  |TAMS 0x00000005a5000000, 0x00000005a5000000| Untracked 
| 843|0x00000005a5800000, 0x00000005a5800000, 0x00000005a6000000|  0%| F|  |TAMS 0x00000005a5800000, 0x00000005a5800000| Untracked 
| 844|0x00000005a6000000, 0x00000005a6000000, 0x00000005a6800000|  0%| F|  |TAMS 0x00000005a6000000, 0x00000005a6000000| Untracked 
| 845|0x00000005a6800000, 0x00000005a6800000, 0x00000005a7000000|  0%| F|  |TAMS 0x00000005a6800000, 0x00000005a6800000| Untracked 
| 846|0x00000005a7000000, 0x00000005a7000000, 0x00000005a7800000|  0%| F|  |TAMS 0x00000005a7000000, 0x00000005a7000000| Untracked 
| 847|0x00000005a7800000, 0x00000005a7800000, 0x00000005a8000000|  0%| F|  |TAMS 0x00000005a7800000, 0x00000005a7800000| Untracked 
| 848|0x00000005a8000000, 0x00000005a8000000, 0x00000005a8800000|  0%| F|  |TAMS 0x00000005a8000000, 0x00000005a8000000| Untracked 
| 849|0x00000005a8800000, 0x00000005a8800000, 0x00000005a9000000|  0%| F|  |TAMS 0x00000005a8800000, 0x00000005a8800000| Untracked 
| 850|0x00000005a9000000, 0x00000005a9000000, 0x00000005a9800000|  0%| F|  |TAMS 0x00000005a9000000, 0x00000005a9000000| Untracked 
| 851|0x00000005a9800000, 0x00000005a9800000, 0x00000005aa000000|  0%| F|  |TAMS 0x00000005a9800000, 0x00000005a9800000| Untracked 
| 852|0x00000005aa000000, 0x00000005aa000000, 0x00000005aa800000|  0%| F|  |TAMS 0x00000005aa000000, 0x00000005aa000000| Untracked 
| 853|0x00000005aa800000, 0x00000005aa800000, 0x00000005ab000000|  0%| F|  |TAMS 0x00000005aa800000, 0x00000005aa800000| Untracked 
| 854|0x00000005ab000000, 0x00000005ab000000, 0x00000005ab800000|  0%| F|  |TAMS 0x00000005ab000000, 0x00000005ab000000| Untracked 
| 855|0x00000005ab800000, 0x00000005ab800000, 0x00000005ac000000|  0%| F|  |TAMS 0x00000005ab800000, 0x00000005ab800000| Untracked 
| 856|0x00000005ac000000, 0x00000005ac000000, 0x00000005ac800000|  0%| F|  |TAMS 0x00000005ac000000, 0x00000005ac000000| Untracked 
| 857|0x00000005ac800000, 0x00000005ac800000, 0x00000005ad000000|  0%| F|  |TAMS 0x00000005ac800000, 0x00000005ac800000| Untracked 
| 858|0x00000005ad000000, 0x00000005ad000000, 0x00000005ad800000|  0%| F|  |TAMS 0x00000005ad000000, 0x00000005ad000000| Untracked 
| 859|0x00000005ad800000, 0x00000005ad800000, 0x00000005ae000000|  0%| F|  |TAMS 0x00000005ad800000, 0x00000005ad800000| Untracked 
| 860|0x00000005ae000000, 0x00000005ae000000, 0x00000005ae800000|  0%| F|  |TAMS 0x00000005ae000000, 0x00000005ae000000| Untracked 
| 861|0x00000005ae800000, 0x00000005ae800000, 0x00000005af000000|  0%| F|  |TAMS 0x00000005ae800000, 0x00000005ae800000| Untracked 
| 862|0x00000005af000000, 0x00000005af000000, 0x00000005af800000|  0%| F|  |TAMS 0x00000005af000000, 0x00000005af000000| Untracked 
| 863|0x00000005af800000, 0x00000005af800000, 0x00000005b0000000|  0%| F|  |TAMS 0x00000005af800000, 0x00000005af800000| Untracked 
| 864|0x00000005b0000000, 0x00000005b0000000, 0x00000005b0800000|  0%| F|  |TAMS 0x00000005b0000000, 0x00000005b0000000| Untracked 
| 865|0x00000005b0800000, 0x00000005b0800000, 0x00000005b1000000|  0%| F|  |TAMS 0x00000005b0800000, 0x00000005b0800000| Untracked 
| 866|0x00000005b1000000, 0x00000005b1000000, 0x00000005b1800000|  0%| F|  |TAMS 0x00000005b1000000, 0x00000005b1000000| Untracked 
| 867|0x00000005b1800000, 0x00000005b1800000, 0x00000005b2000000|  0%| F|  |TAMS 0x00000005b1800000, 0x00000005b1800000| Untracked 
| 868|0x00000005b2000000, 0x00000005b2000000, 0x00000005b2800000|  0%| F|  |TAMS 0x00000005b2000000, 0x00000005b2000000| Untracked 
| 869|0x00000005b2800000, 0x00000005b2800000, 0x00000005b3000000|  0%| F|  |TAMS 0x00000005b2800000, 0x00000005b2800000| Untracked 
| 870|0x00000005b3000000, 0x00000005b3000000, 0x00000005b3800000|  0%| F|  |TAMS 0x00000005b3000000, 0x00000005b3000000| Untracked 
| 871|0x00000005b3800000, 0x00000005b3800000, 0x00000005b4000000|  0%| F|  |TAMS 0x00000005b3800000, 0x00000005b3800000| Untracked 
| 872|0x00000005b4000000, 0x00000005b4000000, 0x00000005b4800000|  0%| F|  |TAMS 0x00000005b4000000, 0x00000005b4000000| Untracked 
| 873|0x00000005b4800000, 0x00000005b4800000, 0x00000005b5000000|  0%| F|  |TAMS 0x00000005b4800000, 0x00000005b4800000| Untracked 
| 874|0x00000005b5000000, 0x00000005b5000000, 0x00000005b5800000|  0%| F|  |TAMS 0x00000005b5000000, 0x00000005b5000000| Untracked 
| 875|0x00000005b5800000, 0x00000005b5800000, 0x00000005b6000000|  0%| F|  |TAMS 0x00000005b5800000, 0x00000005b5800000| Untracked 
| 876|0x00000005b6000000, 0x00000005b6000000, 0x00000005b6800000|  0%| F|  |TAMS 0x00000005b6000000, 0x00000005b6000000| Untracked 
| 877|0x00000005b6800000, 0x00000005b6800000, 0x00000005b7000000|  0%| F|  |TAMS 0x00000005b6800000, 0x00000005b6800000| Untracked 
| 878|0x00000005b7000000, 0x00000005b7000000, 0x00000005b7800000|  0%| F|  |TAMS 0x00000005b7000000, 0x00000005b7000000| Untracked 
| 879|0x00000005b7800000, 0x00000005b7800000, 0x00000005b8000000|  0%| F|  |TAMS 0x00000005b7800000, 0x00000005b7800000| Untracked 
| 880|0x00000005b8000000, 0x00000005b8000000, 0x00000005b8800000|  0%| F|  |TAMS 0x00000005b8000000, 0x00000005b8000000| Untracked 
| 881|0x00000005b8800000, 0x00000005b8800000, 0x00000005b9000000|  0%| F|  |TAMS 0x00000005b8800000, 0x00000005b8800000| Untracked 
| 882|0x00000005b9000000, 0x00000005b9000000, 0x00000005b9800000|  0%| F|  |TAMS 0x00000005b9000000, 0x00000005b9000000| Untracked 
| 883|0x00000005b9800000, 0x00000005b9800000, 0x00000005ba000000|  0%| F|  |TAMS 0x00000005b9800000, 0x00000005b9800000| Untracked 
| 884|0x00000005ba000000, 0x00000005ba000000, 0x00000005ba800000|  0%| F|  |TAMS 0x00000005ba000000, 0x00000005ba000000| Untracked 
| 885|0x00000005ba800000, 0x00000005ba800000, 0x00000005bb000000|  0%| F|  |TAMS 0x00000005ba800000, 0x00000005ba800000| Untracked 
| 886|0x00000005bb000000, 0x00000005bb000000, 0x00000005bb800000|  0%| F|  |TAMS 0x00000005bb000000, 0x00000005bb000000| Untracked 
| 887|0x00000005bb800000, 0x00000005bb800000, 0x00000005bc000000|  0%| F|  |TAMS 0x00000005bb800000, 0x00000005bb800000| Untracked 
| 888|0x00000005bc000000, 0x00000005bc000000, 0x00000005bc800000|  0%| F|  |TAMS 0x00000005bc000000, 0x00000005bc000000| Untracked 
| 889|0x00000005bc800000, 0x00000005bc800000, 0x00000005bd000000|  0%| F|  |TAMS 0x00000005bc800000, 0x00000005bc800000| Untracked 
| 890|0x00000005bd000000, 0x00000005bd000000, 0x00000005bd800000|  0%| F|  |TAMS 0x00000005bd000000, 0x00000005bd000000| Untracked 
| 891|0x00000005bd800000, 0x00000005bd800000, 0x00000005be000000|  0%| F|  |TAMS 0x00000005bd800000, 0x00000005bd800000| Untracked 
| 892|0x00000005be000000, 0x00000005be000000, 0x00000005be800000|  0%| F|  |TAMS 0x00000005be000000, 0x00000005be000000| Untracked 
| 893|0x00000005be800000, 0x00000005be800000, 0x00000005bf000000|  0%| F|  |TAMS 0x00000005be800000, 0x00000005be800000| Untracked 
| 894|0x00000005bf000000, 0x00000005bf000000, 0x00000005bf800000|  0%| F|  |TAMS 0x00000005bf000000, 0x00000005bf000000| Untracked 
| 895|0x00000005bf800000, 0x00000005bf800000, 0x00000005c0000000|  0%| F|  |TAMS 0x00000005bf800000, 0x00000005bf800000| Untracked 
| 896|0x00000005c0000000, 0x00000005c0000000, 0x00000005c0800000|  0%| F|  |TAMS 0x00000005c0000000, 0x00000005c0000000| Untracked 
| 897|0x00000005c0800000, 0x00000005c0800000, 0x00000005c1000000|  0%| F|  |TAMS 0x00000005c0800000, 0x00000005c0800000| Untracked 
| 898|0x00000005c1000000, 0x00000005c1000000, 0x00000005c1800000|  0%| F|  |TAMS 0x00000005c1000000, 0x00000005c1000000| Untracked 
| 899|0x00000005c1800000, 0x00000005c1800000, 0x00000005c2000000|  0%| F|  |TAMS 0x00000005c1800000, 0x00000005c1800000| Untracked 
| 900|0x00000005c2000000, 0x00000005c2000000, 0x00000005c2800000|  0%| F|  |TAMS 0x00000005c2000000, 0x00000005c2000000| Untracked 
| 901|0x00000005c2800000, 0x00000005c2800000, 0x00000005c3000000|  0%| F|  |TAMS 0x00000005c2800000, 0x00000005c2800000| Untracked 
| 902|0x00000005c3000000, 0x00000005c3000000, 0x00000005c3800000|  0%| F|  |TAMS 0x00000005c3000000, 0x00000005c3000000| Untracked 
| 903|0x00000005c3800000, 0x00000005c3800000, 0x00000005c4000000|  0%| F|  |TAMS 0x00000005c3800000, 0x00000005c3800000| Untracked 
| 904|0x00000005c4000000, 0x00000005c4000000, 0x00000005c4800000|  0%| F|  |TAMS 0x00000005c4000000, 0x00000005c4000000| Untracked 
| 905|0x00000005c4800000, 0x00000005c4800000, 0x00000005c5000000|  0%| F|  |TAMS 0x00000005c4800000, 0x00000005c4800000| Untracked 
| 906|0x00000005c5000000, 0x00000005c5000000, 0x00000005c5800000|  0%| F|  |TAMS 0x00000005c5000000, 0x00000005c5000000| Untracked 
| 907|0x00000005c5800000, 0x00000005c5800000, 0x00000005c6000000|  0%| F|  |TAMS 0x00000005c5800000, 0x00000005c5800000| Untracked 
| 908|0x00000005c6000000, 0x00000005c6000000, 0x00000005c6800000|  0%| F|  |TAMS 0x00000005c6000000, 0x00000005c6000000| Untracked 
| 909|0x00000005c6800000, 0x00000005c6800000, 0x00000005c7000000|  0%| F|  |TAMS 0x00000005c6800000, 0x00000005c6800000| Untracked 
| 910|0x00000005c7000000, 0x00000005c7000000, 0x00000005c7800000|  0%| F|  |TAMS 0x00000005c7000000, 0x00000005c7000000| Untracked 
| 911|0x00000005c7800000, 0x00000005c7800000, 0x00000005c8000000|  0%| F|  |TAMS 0x00000005c7800000, 0x00000005c7800000| Untracked 
| 912|0x00000005c8000000, 0x00000005c8000000, 0x00000005c8800000|  0%| F|  |TAMS 0x00000005c8000000, 0x00000005c8000000| Untracked 
| 913|0x00000005c8800000, 0x00000005c8800000, 0x00000005c9000000|  0%| F|  |TAMS 0x00000005c8800000, 0x00000005c8800000| Untracked 
| 914|0x00000005c9000000, 0x00000005c9000000, 0x00000005c9800000|  0%| F|  |TAMS 0x00000005c9000000, 0x00000005c9000000| Untracked 
| 915|0x00000005c9800000, 0x00000005c9800000, 0x00000005ca000000|  0%| F|  |TAMS 0x00000005c9800000, 0x00000005c9800000| Untracked 
| 916|0x00000005ca000000, 0x00000005ca000000, 0x00000005ca800000|  0%| F|  |TAMS 0x00000005ca000000, 0x00000005ca000000| Untracked 
| 917|0x00000005ca800000, 0x00000005ca800000, 0x00000005cb000000|  0%| F|  |TAMS 0x00000005ca800000, 0x00000005ca800000| Untracked 
| 918|0x00000005cb000000, 0x00000005cb000000, 0x00000005cb800000|  0%| F|  |TAMS 0x00000005cb000000, 0x00000005cb000000| Untracked 
| 919|0x00000005cb800000, 0x00000005cb800000, 0x00000005cc000000|  0%| F|  |TAMS 0x00000005cb800000, 0x00000005cb800000| Untracked 
| 920|0x00000005cc000000, 0x00000005cc000000, 0x00000005cc800000|  0%| F|  |TAMS 0x00000005cc000000, 0x00000005cc000000| Untracked 
| 921|0x00000005cc800000, 0x00000005cc800000, 0x00000005cd000000|  0%| F|  |TAMS 0x00000005cc800000, 0x00000005cc800000| Untracked 
| 922|0x00000005cd000000, 0x00000005cd000000, 0x00000005cd800000|  0%| F|  |TAMS 0x00000005cd000000, 0x00000005cd000000| Untracked 
| 923|0x00000005cd800000, 0x00000005cd800000, 0x00000005ce000000|  0%| F|  |TAMS 0x00000005cd800000, 0x00000005cd800000| Untracked 
| 924|0x00000005ce000000, 0x00000005ce000000, 0x00000005ce800000|  0%| F|  |TAMS 0x00000005ce000000, 0x00000005ce000000| Untracked 
| 925|0x00000005ce800000, 0x00000005ce800000, 0x00000005cf000000|  0%| F|  |TAMS 0x00000005ce800000, 0x00000005ce800000| Untracked 
| 926|0x00000005cf000000, 0x00000005cf000000, 0x00000005cf800000|  0%| F|  |TAMS 0x00000005cf000000, 0x00000005cf000000| Untracked 
| 927|0x00000005cf800000, 0x00000005cf800000, 0x00000005d0000000|  0%| F|  |TAMS 0x00000005cf800000, 0x00000005cf800000| Untracked 
| 928|0x00000005d0000000, 0x00000005d0000000, 0x00000005d0800000|  0%| F|  |TAMS 0x00000005d0000000, 0x00000005d0000000| Untracked 
| 929|0x00000005d0800000, 0x00000005d0800000, 0x00000005d1000000|  0%| F|  |TAMS 0x00000005d0800000, 0x00000005d0800000| Untracked 
| 930|0x00000005d1000000, 0x00000005d1000000, 0x00000005d1800000|  0%| F|  |TAMS 0x00000005d1000000, 0x00000005d1000000| Untracked 
| 931|0x00000005d1800000, 0x00000005d1800000, 0x00000005d2000000|  0%| F|  |TAMS 0x00000005d1800000, 0x00000005d1800000| Untracked 
| 932|0x00000005d2000000, 0x00000005d2000000, 0x00000005d2800000|  0%| F|  |TAMS 0x00000005d2000000, 0x00000005d2000000| Untracked 
| 933|0x00000005d2800000, 0x00000005d2800000, 0x00000005d3000000|  0%| F|  |TAMS 0x00000005d2800000, 0x00000005d2800000| Untracked 
| 934|0x00000005d3000000, 0x00000005d3000000, 0x00000005d3800000|  0%| F|  |TAMS 0x00000005d3000000, 0x00000005d3000000| Untracked 
| 935|0x00000005d3800000, 0x00000005d3800000, 0x00000005d4000000|  0%| F|  |TAMS 0x00000005d3800000, 0x00000005d3800000| Untracked 
| 936|0x00000005d4000000, 0x00000005d4000000, 0x00000005d4800000|  0%| F|  |TAMS 0x00000005d4000000, 0x00000005d4000000| Untracked 
| 937|0x00000005d4800000, 0x00000005d4800000, 0x00000005d5000000|  0%| F|  |TAMS 0x00000005d4800000, 0x00000005d4800000| Untracked 
| 938|0x00000005d5000000, 0x00000005d5000000, 0x00000005d5800000|  0%| F|  |TAMS 0x00000005d5000000, 0x00000005d5000000| Untracked 
| 939|0x00000005d5800000, 0x00000005d5800000, 0x00000005d6000000|  0%| F|  |TAMS 0x00000005d5800000, 0x00000005d5800000| Untracked 
| 940|0x00000005d6000000, 0x00000005d6000000, 0x00000005d6800000|  0%| F|  |TAMS 0x00000005d6000000, 0x00000005d6000000| Untracked 
| 941|0x00000005d6800000, 0x00000005d6800000, 0x00000005d7000000|  0%| F|  |TAMS 0x00000005d6800000, 0x00000005d6800000| Untracked 
| 942|0x00000005d7000000, 0x00000005d7000000, 0x00000005d7800000|  0%| F|  |TAMS 0x00000005d7000000, 0x00000005d7000000| Untracked 
| 943|0x00000005d7800000, 0x00000005d7800000, 0x00000005d8000000|  0%| F|  |TAMS 0x00000005d7800000, 0x00000005d7800000| Untracked 
| 944|0x00000005d8000000, 0x00000005d8000000, 0x00000005d8800000|  0%| F|  |TAMS 0x00000005d8000000, 0x00000005d8000000| Untracked 
| 945|0x00000005d8800000, 0x00000005d8800000, 0x00000005d9000000|  0%| F|  |TAMS 0x00000005d8800000, 0x00000005d8800000| Untracked 
| 946|0x00000005d9000000, 0x00000005d9000000, 0x00000005d9800000|  0%| F|  |TAMS 0x00000005d9000000, 0x00000005d9000000| Untracked 
| 947|0x00000005d9800000, 0x00000005d9800000, 0x00000005da000000|  0%| F|  |TAMS 0x00000005d9800000, 0x00000005d9800000| Untracked 
| 948|0x00000005da000000, 0x00000005da000000, 0x00000005da800000|  0%| F|  |TAMS 0x00000005da000000, 0x00000005da000000| Untracked 
| 949|0x00000005da800000, 0x00000005da800000, 0x00000005db000000|  0%| F|  |TAMS 0x00000005da800000, 0x00000005da800000| Untracked 
| 950|0x00000005db000000, 0x00000005db000000, 0x00000005db800000|  0%| F|  |TAMS 0x00000005db000000, 0x00000005db000000| Untracked 
| 951|0x00000005db800000, 0x00000005db800000, 0x00000005dc000000|  0%| F|  |TAMS 0x00000005db800000, 0x00000005db800000| Untracked 
| 952|0x00000005dc000000, 0x00000005dc000000, 0x00000005dc800000|  0%| F|  |TAMS 0x00000005dc000000, 0x00000005dc000000| Untracked 
| 953|0x00000005dc800000, 0x00000005dc800000, 0x00000005dd000000|  0%| F|  |TAMS 0x00000005dc800000, 0x00000005dc800000| Untracked 
| 954|0x00000005dd000000, 0x00000005dd000000, 0x00000005dd800000|  0%| F|  |TAMS 0x00000005dd000000, 0x00000005dd000000| Untracked 
| 955|0x00000005dd800000, 0x00000005dd800000, 0x00000005de000000|  0%| F|  |TAMS 0x00000005dd800000, 0x00000005dd800000| Untracked 
| 956|0x00000005de000000, 0x00000005de000000, 0x00000005de800000|  0%| F|  |TAMS 0x00000005de000000, 0x00000005de000000| Untracked 
| 957|0x00000005de800000, 0x00000005de800000, 0x00000005df000000|  0%| F|  |TAMS 0x00000005de800000, 0x00000005de800000| Untracked 
| 958|0x00000005df000000, 0x00000005df000000, 0x00000005df800000|  0%| F|  |TAMS 0x00000005df000000, 0x00000005df000000| Untracked 
| 959|0x00000005df800000, 0x00000005df800000, 0x00000005e0000000|  0%| F|  |TAMS 0x00000005df800000, 0x00000005df800000| Untracked 
| 960|0x00000005e0000000, 0x00000005e0000000, 0x00000005e0800000|  0%| F|  |TAMS 0x00000005e0000000, 0x00000005e0000000| Untracked 
| 961|0x00000005e0800000, 0x00000005e0800000, 0x00000005e1000000|  0%| F|  |TAMS 0x00000005e0800000, 0x00000005e0800000| Untracked 
| 962|0x00000005e1000000, 0x00000005e1000000, 0x00000005e1800000|  0%| F|  |TAMS 0x00000005e1000000, 0x00000005e1000000| Untracked 
| 963|0x00000005e1800000, 0x00000005e1800000, 0x00000005e2000000|  0%| F|  |TAMS 0x00000005e1800000, 0x00000005e1800000| Untracked 
| 964|0x00000005e2000000, 0x00000005e2000000, 0x00000005e2800000|  0%| F|  |TAMS 0x00000005e2000000, 0x00000005e2000000| Untracked 
| 965|0x00000005e2800000, 0x00000005e2800000, 0x00000005e3000000|  0%| F|  |TAMS 0x00000005e2800000, 0x00000005e2800000| Untracked 
| 966|0x00000005e3000000, 0x00000005e3000000, 0x00000005e3800000|  0%| F|  |TAMS 0x00000005e3000000, 0x00000005e3000000| Untracked 
| 967|0x00000005e3800000, 0x00000005e3800000, 0x00000005e4000000|  0%| F|  |TAMS 0x00000005e3800000, 0x00000005e3800000| Untracked 
| 968|0x00000005e4000000, 0x00000005e4000000, 0x00000005e4800000|  0%| F|  |TAMS 0x00000005e4000000, 0x00000005e4000000| Untracked 
| 969|0x00000005e4800000, 0x00000005e4800000, 0x00000005e5000000|  0%| F|  |TAMS 0x00000005e4800000, 0x00000005e4800000| Untracked 
| 970|0x00000005e5000000, 0x00000005e5000000, 0x00000005e5800000|  0%| F|  |TAMS 0x00000005e5000000, 0x00000005e5000000| Untracked 
| 971|0x00000005e5800000, 0x00000005e5800000, 0x00000005e6000000|  0%| F|  |TAMS 0x00000005e5800000, 0x00000005e5800000| Untracked 
| 972|0x00000005e6000000, 0x00000005e6000000, 0x00000005e6800000|  0%| F|  |TAMS 0x00000005e6000000, 0x00000005e6000000| Untracked 
| 973|0x00000005e6800000, 0x00000005e6800000, 0x00000005e7000000|  0%| F|  |TAMS 0x00000005e6800000, 0x00000005e6800000| Untracked 
| 974|0x00000005e7000000, 0x00000005e7000000, 0x00000005e7800000|  0%| F|  |TAMS 0x00000005e7000000, 0x00000005e7000000| Untracked 
| 975|0x00000005e7800000, 0x00000005e7800000, 0x00000005e8000000|  0%| F|  |TAMS 0x00000005e7800000, 0x00000005e7800000| Untracked 
| 976|0x00000005e8000000, 0x00000005e8000000, 0x00000005e8800000|  0%| F|  |TAMS 0x00000005e8000000, 0x00000005e8000000| Untracked 
| 977|0x00000005e8800000, 0x00000005e8800000, 0x00000005e9000000|  0%| F|  |TAMS 0x00000005e8800000, 0x00000005e8800000| Untracked 
| 978|0x00000005e9000000, 0x00000005e9000000, 0x00000005e9800000|  0%| F|  |TAMS 0x00000005e9000000, 0x00000005e9000000| Untracked 
| 979|0x00000005e9800000, 0x00000005e9800000, 0x00000005ea000000|  0%| F|  |TAMS 0x00000005e9800000, 0x00000005e9800000| Untracked 
| 980|0x00000005ea000000, 0x00000005ea000000, 0x00000005ea800000|  0%| F|  |TAMS 0x00000005ea000000, 0x00000005ea000000| Untracked 
| 981|0x00000005ea800000, 0x00000005ea800000, 0x00000005eb000000|  0%| F|  |TAMS 0x00000005ea800000, 0x00000005ea800000| Untracked 
| 982|0x00000005eb000000, 0x00000005eb000000, 0x00000005eb800000|  0%| F|  |TAMS 0x00000005eb000000, 0x00000005eb000000| Untracked 
| 983|0x00000005eb800000, 0x00000005eb800000, 0x00000005ec000000|  0%| F|  |TAMS 0x00000005eb800000, 0x00000005eb800000| Untracked 
| 984|0x00000005ec000000, 0x00000005ec000000, 0x00000005ec800000|  0%| F|  |TAMS 0x00000005ec000000, 0x00000005ec000000| Untracked 
| 985|0x00000005ec800000, 0x00000005ec800000, 0x00000005ed000000|  0%| F|  |TAMS 0x00000005ec800000, 0x00000005ec800000| Untracked 
| 986|0x00000005ed000000, 0x00000005ed000000, 0x00000005ed800000|  0%| F|  |TAMS 0x00000005ed000000, 0x00000005ed000000| Untracked 
| 987|0x00000005ed800000, 0x00000005ed800000, 0x00000005ee000000|  0%| F|  |TAMS 0x00000005ed800000, 0x00000005ed800000| Untracked 
| 988|0x00000005ee000000, 0x00000005ee000000, 0x00000005ee800000|  0%| F|  |TAMS 0x00000005ee000000, 0x00000005ee000000| Untracked 
| 989|0x00000005ee800000, 0x00000005ee800000, 0x00000005ef000000|  0%| F|  |TAMS 0x00000005ee800000, 0x00000005ee800000| Untracked 
| 990|0x00000005ef000000, 0x00000005ef000000, 0x00000005ef800000|  0%| F|  |TAMS 0x00000005ef000000, 0x00000005ef000000| Untracked 
| 991|0x00000005ef800000, 0x00000005ef800000, 0x00000005f0000000|  0%| F|  |TAMS 0x00000005ef800000, 0x00000005ef800000| Untracked 
| 992|0x00000005f0000000, 0x00000005f0000000, 0x00000005f0800000|  0%| F|  |TAMS 0x00000005f0000000, 0x00000005f0000000| Untracked 
| 993|0x00000005f0800000, 0x00000005f0800000, 0x00000005f1000000|  0%| F|  |TAMS 0x00000005f0800000, 0x00000005f0800000| Untracked 
| 994|0x00000005f1000000, 0x00000005f1000000, 0x00000005f1800000|  0%| F|  |TAMS 0x00000005f1000000, 0x00000005f1000000| Untracked 
| 995|0x00000005f1800000, 0x00000005f1800000, 0x00000005f2000000|  0%| F|  |TAMS 0x00000005f1800000, 0x00000005f1800000| Untracked 
| 996|0x00000005f2000000, 0x00000005f2000000, 0x00000005f2800000|  0%| F|  |TAMS 0x00000005f2000000, 0x00000005f2000000| Untracked 
| 997|0x00000005f2800000, 0x00000005f2800000, 0x00000005f3000000|  0%| F|  |TAMS 0x00000005f2800000, 0x00000005f2800000| Untracked 
| 998|0x00000005f3000000, 0x00000005f3000000, 0x00000005f3800000|  0%| F|  |TAMS 0x00000005f3000000, 0x00000005f3000000| Untracked 
| 999|0x00000005f3800000, 0x00000005f3800000, 0x00000005f4000000|  0%| F|  |TAMS 0x00000005f3800000, 0x00000005f3800000| Untracked 
|1000|0x00000005f4000000, 0x00000005f4000000, 0x00000005f4800000|  0%| F|  |TAMS 0x00000005f4000000, 0x00000005f4000000| Untracked 
|1001|0x00000005f4800000, 0x00000005f4800000, 0x00000005f5000000|  0%| F|  |TAMS 0x00000005f4800000, 0x00000005f4800000| Untracked 
|1002|0x00000005f5000000, 0x00000005f5000000, 0x00000005f5800000|  0%| F|  |TAMS 0x00000005f5000000, 0x00000005f5000000| Untracked 
|1003|0x00000005f5800000, 0x00000005f5800000, 0x00000005f6000000|  0%| F|  |TAMS 0x00000005f5800000, 0x00000005f5800000| Untracked 
|1004|0x00000005f6000000, 0x00000005f6000000, 0x00000005f6800000|  0%| F|  |TAMS 0x00000005f6000000, 0x00000005f6000000| Untracked 
|1005|0x00000005f6800000, 0x00000005f6800000, 0x00000005f7000000|  0%| F|  |TAMS 0x00000005f6800000, 0x00000005f6800000| Untracked 
|1006|0x00000005f7000000, 0x00000005f7000000, 0x00000005f7800000|  0%| F|  |TAMS 0x00000005f7000000, 0x00000005f7000000| Untracked 
|1007|0x00000005f7800000, 0x00000005f7800000, 0x00000005f8000000|  0%| F|  |TAMS 0x00000005f7800000, 0x00000005f7800000| Untracked 
|1008|0x00000005f8000000, 0x00000005f8000000, 0x00000005f8800000|  0%| F|  |TAMS 0x00000005f8000000, 0x00000005f8000000| Untracked 
|1009|0x00000005f8800000, 0x00000005f8800000, 0x00000005f9000000|  0%| F|  |TAMS 0x00000005f8800000, 0x00000005f8800000| Untracked 
|1010|0x00000005f9000000, 0x00000005f9000000, 0x00000005f9800000|  0%| F|  |TAMS 0x00000005f9000000, 0x00000005f9000000| Untracked 
|1011|0x00000005f9800000, 0x00000005f9800000, 0x00000005fa000000|  0%| F|  |TAMS 0x00000005f9800000, 0x00000005f9800000| Untracked 
|1012|0x00000005fa000000, 0x00000005fa000000, 0x00000005fa800000|  0%| F|  |TAMS 0x00000005fa000000, 0x00000005fa000000| Untracked 
|1013|0x00000005fa800000, 0x00000005fa800000, 0x00000005fb000000|  0%| F|  |TAMS 0x00000005fa800000, 0x00000005fa800000| Untracked 
|1014|0x00000005fb000000, 0x00000005fb000000, 0x00000005fb800000|  0%| F|  |TAMS 0x00000005fb000000, 0x00000005fb000000| Untracked 
|1015|0x00000005fb800000, 0x00000005fb800000, 0x00000005fc000000|  0%| F|  |TAMS 0x00000005fb800000, 0x00000005fb800000| Untracked 
|1016|0x00000005fc000000, 0x00000005fc000000, 0x00000005fc800000|  0%| F|  |TAMS 0x00000005fc000000, 0x00000005fc000000| Untracked 
|1017|0x00000005fc800000, 0x00000005fc800000, 0x00000005fd000000|  0%| F|  |TAMS 0x00000005fc800000, 0x00000005fc800000| Untracked 
|1018|0x00000005fd000000, 0x00000005fd000000, 0x00000005fd800000|  0%| F|  |TAMS 0x00000005fd000000, 0x00000005fd000000| Untracked 
|1019|0x00000005fd800000, 0x00000005fd800000, 0x00000005fe000000|  0%| F|  |TAMS 0x00000005fd800000, 0x00000005fd800000| Untracked 
|1020|0x00000005fe000000, 0x00000005fe000000, 0x00000005fe800000|  0%| F|  |TAMS 0x00000005fe000000, 0x00000005fe000000| Untracked 
|1021|0x00000005fe800000, 0x00000005fe800000, 0x00000005ff000000|  0%| F|  |TAMS 0x00000005fe800000, 0x00000005fe800000| Untracked 
|1022|0x00000005ff000000, 0x00000005ff000000, 0x00000005ff800000|  0%| F|  |TAMS 0x00000005ff000000, 0x00000005ff000000| Untracked 
|1023|0x00000005ff800000, 0x00000005ff800000, 0x0000000600000000|  0%| F|  |TAMS 0x00000005ff800000, 0x00000005ff800000| Untracked 
|1024|0x0000000600000000, 0x0000000600000000, 0x0000000600800000|  0%| F|  |TAMS 0x0000000600000000, 0x0000000600000000| Untracked 
|1025|0x0000000600800000, 0x0000000600800000, 0x0000000601000000|  0%| F|  |TAMS 0x0000000600800000, 0x0000000600800000| Untracked 
|1026|0x0000000601000000, 0x0000000601000000, 0x0000000601800000|  0%| F|  |TAMS 0x0000000601000000, 0x0000000601000000| Untracked 
|1027|0x0000000601800000, 0x0000000601800000, 0x0000000602000000|  0%| F|  |TAMS 0x0000000601800000, 0x0000000601800000| Untracked 
|1028|0x0000000602000000, 0x0000000602000000, 0x0000000602800000|  0%| F|  |TAMS 0x0000000602000000, 0x0000000602000000| Untracked 
|1029|0x0000000602800000, 0x0000000602800000, 0x0000000603000000|  0%| F|  |TAMS 0x0000000602800000, 0x0000000602800000| Untracked 
|1030|0x0000000603000000, 0x0000000603000000, 0x0000000603800000|  0%| F|  |TAMS 0x0000000603000000, 0x0000000603000000| Untracked 
|1031|0x0000000603800000, 0x0000000603800000, 0x0000000604000000|  0%| F|  |TAMS 0x0000000603800000, 0x0000000603800000| Untracked 
|1032|0x0000000604000000, 0x0000000604000000, 0x0000000604800000|  0%| F|  |TAMS 0x0000000604000000, 0x0000000604000000| Untracked 
|1033|0x0000000604800000, 0x0000000604800000, 0x0000000605000000|  0%| F|  |TAMS 0x0000000604800000, 0x0000000604800000| Untracked 
|1034|0x0000000605000000, 0x0000000605000000, 0x0000000605800000|  0%| F|  |TAMS 0x0000000605000000, 0x0000000605000000| Untracked 
|1035|0x0000000605800000, 0x0000000605800000, 0x0000000606000000|  0%| F|  |TAMS 0x0000000605800000, 0x0000000605800000| Untracked 
|1036|0x0000000606000000, 0x0000000606000000, 0x0000000606800000|  0%| F|  |TAMS 0x0000000606000000, 0x0000000606000000| Untracked 
|1037|0x0000000606800000, 0x0000000606800000, 0x0000000607000000|  0%| F|  |TAMS 0x0000000606800000, 0x0000000606800000| Untracked 
|1038|0x0000000607000000, 0x0000000607000000, 0x0000000607800000|  0%| F|  |TAMS 0x0000000607000000, 0x0000000607000000| Untracked 
|1039|0x0000000607800000, 0x0000000607800000, 0x0000000608000000|  0%| F|  |TAMS 0x0000000607800000, 0x0000000607800000| Untracked 
|1040|0x0000000608000000, 0x0000000608000000, 0x0000000608800000|  0%| F|  |TAMS 0x0000000608000000, 0x0000000608000000| Untracked 
|1041|0x0000000608800000, 0x0000000608800000, 0x0000000609000000|  0%| F|  |TAMS 0x0000000608800000, 0x0000000608800000| Untracked 
|1042|0x0000000609000000, 0x0000000609000000, 0x0000000609800000|  0%| F|  |TAMS 0x0000000609000000, 0x0000000609000000| Untracked 
|1043|0x0000000609800000, 0x0000000609800000, 0x000000060a000000|  0%| F|  |TAMS 0x0000000609800000, 0x0000000609800000| Untracked 
|1044|0x000000060a000000, 0x000000060a000000, 0x000000060a800000|  0%| F|  |TAMS 0x000000060a000000, 0x000000060a000000| Untracked 
|1045|0x000000060a800000, 0x000000060a800000, 0x000000060b000000|  0%| F|  |TAMS 0x000000060a800000, 0x000000060a800000| Untracked 
|1046|0x000000060b000000, 0x000000060b000000, 0x000000060b800000|  0%| F|  |TAMS 0x000000060b000000, 0x000000060b000000| Untracked 
|1047|0x000000060b800000, 0x000000060b800000, 0x000000060c000000|  0%| F|  |TAMS 0x000000060b800000, 0x000000060b800000| Untracked 
|1048|0x000000060c000000, 0x000000060c000000, 0x000000060c800000|  0%| F|  |TAMS 0x000000060c000000, 0x000000060c000000| Untracked 
|1049|0x000000060c800000, 0x000000060c800000, 0x000000060d000000|  0%| F|  |TAMS 0x000000060c800000, 0x000000060c800000| Untracked 
|1050|0x000000060d000000, 0x000000060d000000, 0x000000060d800000|  0%| F|  |TAMS 0x000000060d000000, 0x000000060d000000| Untracked 
|1051|0x000000060d800000, 0x000000060d800000, 0x000000060e000000|  0%| F|  |TAMS 0x000000060d800000, 0x000000060d800000| Untracked 
|1052|0x000000060e000000, 0x000000060e000000, 0x000000060e800000|  0%| F|  |TAMS 0x000000060e000000, 0x000000060e000000| Untracked 
|1053|0x000000060e800000, 0x000000060e800000, 0x000000060f000000|  0%| F|  |TAMS 0x000000060e800000, 0x000000060e800000| Untracked 
|1054|0x000000060f000000, 0x000000060f000000, 0x000000060f800000|  0%| F|  |TAMS 0x000000060f000000, 0x000000060f000000| Untracked 
|1055|0x000000060f800000, 0x000000060f800000, 0x0000000610000000|  0%| F|  |TAMS 0x000000060f800000, 0x000000060f800000| Untracked 
|1056|0x0000000610000000, 0x0000000610000000, 0x0000000610800000|  0%| F|  |TAMS 0x0000000610000000, 0x0000000610000000| Untracked 
|1057|0x0000000610800000, 0x0000000610800000, 0x0000000611000000|  0%| F|  |TAMS 0x0000000610800000, 0x0000000610800000| Untracked 
|1058|0x0000000611000000, 0x0000000611000000, 0x0000000611800000|  0%| F|  |TAMS 0x0000000611000000, 0x0000000611000000| Untracked 
|1059|0x0000000611800000, 0x0000000611800000, 0x0000000612000000|  0%| F|  |TAMS 0x0000000611800000, 0x0000000611800000| Untracked 
|1060|0x0000000612000000, 0x0000000612000000, 0x0000000612800000|  0%| F|  |TAMS 0x0000000612000000, 0x0000000612000000| Untracked 
|1061|0x0000000612800000, 0x0000000612800000, 0x0000000613000000|  0%| F|  |TAMS 0x0000000612800000, 0x0000000612800000| Untracked 
|1062|0x0000000613000000, 0x0000000613000000, 0x0000000613800000|  0%| F|  |TAMS 0x0000000613000000, 0x0000000613000000| Untracked 
|1063|0x0000000613800000, 0x0000000613800000, 0x0000000614000000|  0%| F|  |TAMS 0x0000000613800000, 0x0000000613800000| Untracked 
|1064|0x0000000614000000, 0x0000000614000000, 0x0000000614800000|  0%| F|  |TAMS 0x0000000614000000, 0x0000000614000000| Untracked 
|1065|0x0000000614800000, 0x0000000614800000, 0x0000000615000000|  0%| F|  |TAMS 0x0000000614800000, 0x0000000614800000| Untracked 
|1066|0x0000000615000000, 0x0000000615000000, 0x0000000615800000|  0%| F|  |TAMS 0x0000000615000000, 0x0000000615000000| Untracked 
|1067|0x0000000615800000, 0x0000000615800000, 0x0000000616000000|  0%| F|  |TAMS 0x0000000615800000, 0x0000000615800000| Untracked 
|1068|0x0000000616000000, 0x0000000616000000, 0x0000000616800000|  0%| F|  |TAMS 0x0000000616000000, 0x0000000616000000| Untracked 
|1069|0x0000000616800000, 0x0000000616800000, 0x0000000617000000|  0%| F|  |TAMS 0x0000000616800000, 0x0000000616800000| Untracked 
|1070|0x0000000617000000, 0x0000000617000000, 0x0000000617800000|  0%| F|  |TAMS 0x0000000617000000, 0x0000000617000000| Untracked 
|1071|0x0000000617800000, 0x0000000617800000, 0x0000000618000000|  0%| F|  |TAMS 0x0000000617800000, 0x0000000617800000| Untracked 
|1072|0x0000000618000000, 0x0000000618000000, 0x0000000618800000|  0%| F|  |TAMS 0x0000000618000000, 0x0000000618000000| Untracked 
|1073|0x0000000618800000, 0x0000000618800000, 0x0000000619000000|  0%| F|  |TAMS 0x0000000618800000, 0x0000000618800000| Untracked 
|1074|0x0000000619000000, 0x0000000619000000, 0x0000000619800000|  0%| F|  |TAMS 0x0000000619000000, 0x0000000619000000| Untracked 
|1075|0x0000000619800000, 0x0000000619800000, 0x000000061a000000|  0%| F|  |TAMS 0x0000000619800000, 0x0000000619800000| Untracked 
|1076|0x000000061a000000, 0x000000061a000000, 0x000000061a800000|  0%| F|  |TAMS 0x000000061a000000, 0x000000061a000000| Untracked 
|1077|0x000000061a800000, 0x000000061a800000, 0x000000061b000000|  0%| F|  |TAMS 0x000000061a800000, 0x000000061a800000| Untracked 
|1078|0x000000061b000000, 0x000000061b000000, 0x000000061b800000|  0%| F|  |TAMS 0x000000061b000000, 0x000000061b000000| Untracked 
|1079|0x000000061b800000, 0x000000061b800000, 0x000000061c000000|  0%| F|  |TAMS 0x000000061b800000, 0x000000061b800000| Untracked 
|1080|0x000000061c000000, 0x000000061c000000, 0x000000061c800000|  0%| F|  |TAMS 0x000000061c000000, 0x000000061c000000| Untracked 
|1081|0x000000061c800000, 0x000000061c800000, 0x000000061d000000|  0%| F|  |TAMS 0x000000061c800000, 0x000000061c800000| Untracked 
|1082|0x000000061d000000, 0x000000061d000000, 0x000000061d800000|  0%| F|  |TAMS 0x000000061d000000, 0x000000061d000000| Untracked 
|1083|0x000000061d800000, 0x000000061d800000, 0x000000061e000000|  0%| F|  |TAMS 0x000000061d800000, 0x000000061d800000| Untracked 
|1084|0x000000061e000000, 0x000000061e000000, 0x000000061e800000|  0%| F|  |TAMS 0x000000061e000000, 0x000000061e000000| Untracked 
|1085|0x000000061e800000, 0x000000061e800000, 0x000000061f000000|  0%| F|  |TAMS 0x000000061e800000, 0x000000061e800000| Untracked 
|1086|0x000000061f000000, 0x000000061f000000, 0x000000061f800000|  0%| F|  |TAMS 0x000000061f000000, 0x000000061f000000| Untracked 
|1087|0x000000061f800000, 0x000000061f800000, 0x0000000620000000|  0%| F|  |TAMS 0x000000061f800000, 0x000000061f800000| Untracked 
|1088|0x0000000620000000, 0x0000000620000000, 0x0000000620800000|  0%| F|  |TAMS 0x0000000620000000, 0x0000000620000000| Untracked 
|1089|0x0000000620800000, 0x0000000620800000, 0x0000000621000000|  0%| F|  |TAMS 0x0000000620800000, 0x0000000620800000| Untracked 
|1090|0x0000000621000000, 0x0000000621000000, 0x0000000621800000|  0%| F|  |TAMS 0x0000000621000000, 0x0000000621000000| Untracked 
|1091|0x0000000621800000, 0x0000000621800000, 0x0000000622000000|  0%| F|  |TAMS 0x0000000621800000, 0x0000000621800000| Untracked 
|1092|0x0000000622000000, 0x0000000622000000, 0x0000000622800000|  0%| F|  |TAMS 0x0000000622000000, 0x0000000622000000| Untracked 
|1093|0x0000000622800000, 0x0000000622800000, 0x0000000623000000|  0%| F|  |TAMS 0x0000000622800000, 0x0000000622800000| Untracked 
|1094|0x0000000623000000, 0x0000000623000000, 0x0000000623800000|  0%| F|  |TAMS 0x0000000623000000, 0x0000000623000000| Untracked 
|1095|0x0000000623800000, 0x0000000623800000, 0x0000000624000000|  0%| F|  |TAMS 0x0000000623800000, 0x0000000623800000| Untracked 
|1096|0x0000000624000000, 0x0000000624000000, 0x0000000624800000|  0%| F|  |TAMS 0x0000000624000000, 0x0000000624000000| Untracked 
|1097|0x0000000624800000, 0x0000000624800000, 0x0000000625000000|  0%| F|  |TAMS 0x0000000624800000, 0x0000000624800000| Untracked 
|1098|0x0000000625000000, 0x0000000625000000, 0x0000000625800000|  0%| F|  |TAMS 0x0000000625000000, 0x0000000625000000| Untracked 
|1099|0x0000000625800000, 0x0000000625800000, 0x0000000626000000|  0%| F|  |TAMS 0x0000000625800000, 0x0000000625800000| Untracked 
|1100|0x0000000626000000, 0x0000000626000000, 0x0000000626800000|  0%| F|  |TAMS 0x0000000626000000, 0x0000000626000000| Untracked 
|1101|0x0000000626800000, 0x0000000626800000, 0x0000000627000000|  0%| F|  |TAMS 0x0000000626800000, 0x0000000626800000| Untracked 
|1102|0x0000000627000000, 0x0000000627000000, 0x0000000627800000|  0%| F|  |TAMS 0x0000000627000000, 0x0000000627000000| Untracked 
|1103|0x0000000627800000, 0x0000000627800000, 0x0000000628000000|  0%| F|  |TAMS 0x0000000627800000, 0x0000000627800000| Untracked 
|1104|0x0000000628000000, 0x0000000628000000, 0x0000000628800000|  0%| F|  |TAMS 0x0000000628000000, 0x0000000628000000| Untracked 
|1105|0x0000000628800000, 0x0000000628800000, 0x0000000629000000|  0%| F|  |TAMS 0x0000000628800000, 0x0000000628800000| Untracked 
|1106|0x0000000629000000, 0x0000000629000000, 0x0000000629800000|  0%| F|  |TAMS 0x0000000629000000, 0x0000000629000000| Untracked 
|1107|0x0000000629800000, 0x0000000629800000, 0x000000062a000000|  0%| F|  |TAMS 0x0000000629800000, 0x0000000629800000| Untracked 
|1108|0x000000062a000000, 0x000000062a000000, 0x000000062a800000|  0%| F|  |TAMS 0x000000062a000000, 0x000000062a000000| Untracked 
|1109|0x000000062a800000, 0x000000062a800000, 0x000000062b000000|  0%| F|  |TAMS 0x000000062a800000, 0x000000062a800000| Untracked 
|1110|0x000000062b000000, 0x000000062b000000, 0x000000062b800000|  0%| F|  |TAMS 0x000000062b000000, 0x000000062b000000| Untracked 
|1111|0x000000062b800000, 0x000000062b800000, 0x000000062c000000|  0%| F|  |TAMS 0x000000062b800000, 0x000000062b800000| Untracked 
|1112|0x000000062c000000, 0x000000062c000000, 0x000000062c800000|  0%| F|  |TAMS 0x000000062c000000, 0x000000062c000000| Untracked 
|1113|0x000000062c800000, 0x000000062c800000, 0x000000062d000000|  0%| F|  |TAMS 0x000000062c800000, 0x000000062c800000| Untracked 
|1114|0x000000062d000000, 0x000000062d000000, 0x000000062d800000|  0%| F|  |TAMS 0x000000062d000000, 0x000000062d000000| Untracked 
|1115|0x000000062d800000, 0x000000062d800000, 0x000000062e000000|  0%| F|  |TAMS 0x000000062d800000, 0x000000062d800000| Untracked 
|1116|0x000000062e000000, 0x000000062e000000, 0x000000062e800000|  0%| F|  |TAMS 0x000000062e000000, 0x000000062e000000| Untracked 
|1117|0x000000062e800000, 0x000000062e800000, 0x000000062f000000|  0%| F|  |TAMS 0x000000062e800000, 0x000000062e800000| Untracked 
|1118|0x000000062f000000, 0x000000062f000000, 0x000000062f800000|  0%| F|  |TAMS 0x000000062f000000, 0x000000062f000000| Untracked 
|1119|0x000000062f800000, 0x000000062f800000, 0x0000000630000000|  0%| F|  |TAMS 0x000000062f800000, 0x000000062f800000| Untracked 
|1120|0x0000000630000000, 0x0000000630000000, 0x0000000630800000|  0%| F|  |TAMS 0x0000000630000000, 0x0000000630000000| Untracked 
|1121|0x0000000630800000, 0x0000000630800000, 0x0000000631000000|  0%| F|  |TAMS 0x0000000630800000, 0x0000000630800000| Untracked 
|1122|0x0000000631000000, 0x0000000631000000, 0x0000000631800000|  0%| F|  |TAMS 0x0000000631000000, 0x0000000631000000| Untracked 
|1123|0x0000000631800000, 0x0000000631800000, 0x0000000632000000|  0%| F|  |TAMS 0x0000000631800000, 0x0000000631800000| Untracked 
|1124|0x0000000632000000, 0x0000000632000000, 0x0000000632800000|  0%| F|  |TAMS 0x0000000632000000, 0x0000000632000000| Untracked 
|1125|0x0000000632800000, 0x0000000632800000, 0x0000000633000000|  0%| F|  |TAMS 0x0000000632800000, 0x0000000632800000| Untracked 
|1126|0x0000000633000000, 0x0000000633000000, 0x0000000633800000|  0%| F|  |TAMS 0x0000000633000000, 0x0000000633000000| Untracked 
|1127|0x0000000633800000, 0x0000000633800000, 0x0000000634000000|  0%| F|  |TAMS 0x0000000633800000, 0x0000000633800000| Untracked 
|1128|0x0000000634000000, 0x0000000634000000, 0x0000000634800000|  0%| F|  |TAMS 0x0000000634000000, 0x0000000634000000| Untracked 
|1129|0x0000000634800000, 0x0000000634800000, 0x0000000635000000|  0%| F|  |TAMS 0x0000000634800000, 0x0000000634800000| Untracked 
|1130|0x0000000635000000, 0x0000000635000000, 0x0000000635800000|  0%| F|  |TAMS 0x0000000635000000, 0x0000000635000000| Untracked 
|1131|0x0000000635800000, 0x0000000635800000, 0x0000000636000000|  0%| F|  |TAMS 0x0000000635800000, 0x0000000635800000| Untracked 
|1132|0x0000000636000000, 0x0000000636000000, 0x0000000636800000|  0%| F|  |TAMS 0x0000000636000000, 0x0000000636000000| Untracked 
|1133|0x0000000636800000, 0x0000000636800000, 0x0000000637000000|  0%| F|  |TAMS 0x0000000636800000, 0x0000000636800000| Untracked 
|1134|0x0000000637000000, 0x0000000637000000, 0x0000000637800000|  0%| F|  |TAMS 0x0000000637000000, 0x0000000637000000| Untracked 
|1135|0x0000000637800000, 0x0000000637800000, 0x0000000638000000|  0%| F|  |TAMS 0x0000000637800000, 0x0000000637800000| Untracked 
|1136|0x0000000638000000, 0x0000000638000000, 0x0000000638800000|  0%| F|  |TAMS 0x0000000638000000, 0x0000000638000000| Untracked 
|1137|0x0000000638800000, 0x0000000638800000, 0x0000000639000000|  0%| F|  |TAMS 0x0000000638800000, 0x0000000638800000| Untracked 
|1138|0x0000000639000000, 0x0000000639000000, 0x0000000639800000|  0%| F|  |TAMS 0x0000000639000000, 0x0000000639000000| Untracked 
|1139|0x0000000639800000, 0x0000000639800000, 0x000000063a000000|  0%| F|  |TAMS 0x0000000639800000, 0x0000000639800000| Untracked 
|1140|0x000000063a000000, 0x000000063a000000, 0x000000063a800000|  0%| F|  |TAMS 0x000000063a000000, 0x000000063a000000| Untracked 
|1141|0x000000063a800000, 0x000000063a800000, 0x000000063b000000|  0%| F|  |TAMS 0x000000063a800000, 0x000000063a800000| Untracked 
|1142|0x000000063b000000, 0x000000063b000000, 0x000000063b800000|  0%| F|  |TAMS 0x000000063b000000, 0x000000063b000000| Untracked 
|1143|0x000000063b800000, 0x000000063b800000, 0x000000063c000000|  0%| F|  |TAMS 0x000000063b800000, 0x000000063b800000| Untracked 
|1144|0x000000063c000000, 0x000000063c000000, 0x000000063c800000|  0%| F|  |TAMS 0x000000063c000000, 0x000000063c000000| Untracked 
|1145|0x000000063c800000, 0x000000063c800000, 0x000000063d000000|  0%| F|  |TAMS 0x000000063c800000, 0x000000063c800000| Untracked 
|1146|0x000000063d000000, 0x000000063d000000, 0x000000063d800000|  0%| F|  |TAMS 0x000000063d000000, 0x000000063d000000| Untracked 
|1147|0x000000063d800000, 0x000000063d800000, 0x000000063e000000|  0%| F|  |TAMS 0x000000063d800000, 0x000000063d800000| Untracked 
|1148|0x000000063e000000, 0x000000063e000000, 0x000000063e800000|  0%| F|  |TAMS 0x000000063e000000, 0x000000063e000000| Untracked 
|1149|0x000000063e800000, 0x000000063e800000, 0x000000063f000000|  0%| F|  |TAMS 0x000000063e800000, 0x000000063e800000| Untracked 
|1150|0x000000063f000000, 0x000000063f000000, 0x000000063f800000|  0%| F|  |TAMS 0x000000063f000000, 0x000000063f000000| Untracked 
|1151|0x000000063f800000, 0x000000063f800000, 0x0000000640000000|  0%| F|  |TAMS 0x000000063f800000, 0x000000063f800000| Untracked 
|1152|0x0000000640000000, 0x0000000640000000, 0x0000000640800000|  0%| F|  |TAMS 0x0000000640000000, 0x0000000640000000| Untracked 
|1153|0x0000000640800000, 0x0000000640800000, 0x0000000641000000|  0%| F|  |TAMS 0x0000000640800000, 0x0000000640800000| Untracked 
|1154|0x0000000641000000, 0x0000000641000000, 0x0000000641800000|  0%| F|  |TAMS 0x0000000641000000, 0x0000000641000000| Untracked 
|1155|0x0000000641800000, 0x0000000641800000, 0x0000000642000000|  0%| F|  |TAMS 0x0000000641800000, 0x0000000641800000| Untracked 
|1156|0x0000000642000000, 0x0000000642000000, 0x0000000642800000|  0%| F|  |TAMS 0x0000000642000000, 0x0000000642000000| Untracked 
|1157|0x0000000642800000, 0x0000000642800000, 0x0000000643000000|  0%| F|  |TAMS 0x0000000642800000, 0x0000000642800000| Untracked 
|1158|0x0000000643000000, 0x0000000643000000, 0x0000000643800000|  0%| F|  |TAMS 0x0000000643000000, 0x0000000643000000| Untracked 
|1159|0x0000000643800000, 0x0000000643800000, 0x0000000644000000|  0%| F|  |TAMS 0x0000000643800000, 0x0000000643800000| Untracked 
|1160|0x0000000644000000, 0x0000000644000000, 0x0000000644800000|  0%| F|  |TAMS 0x0000000644000000, 0x0000000644000000| Untracked 
|1161|0x0000000644800000, 0x0000000644800000, 0x0000000645000000|  0%| F|  |TAMS 0x0000000644800000, 0x0000000644800000| Untracked 
|1162|0x0000000645000000, 0x0000000645000000, 0x0000000645800000|  0%| F|  |TAMS 0x0000000645000000, 0x0000000645000000| Untracked 
|1163|0x0000000645800000, 0x0000000645800000, 0x0000000646000000|  0%| F|  |TAMS 0x0000000645800000, 0x0000000645800000| Untracked 
|1164|0x0000000646000000, 0x0000000646000000, 0x0000000646800000|  0%| F|  |TAMS 0x0000000646000000, 0x0000000646000000| Untracked 
|1165|0x0000000646800000, 0x0000000646800000, 0x0000000647000000|  0%| F|  |TAMS 0x0000000646800000, 0x0000000646800000| Untracked 
|1166|0x0000000647000000, 0x0000000647000000, 0x0000000647800000|  0%| F|  |TAMS 0x0000000647000000, 0x0000000647000000| Untracked 
|1167|0x0000000647800000, 0x0000000647800000, 0x0000000648000000|  0%| F|  |TAMS 0x0000000647800000, 0x0000000647800000| Untracked 
|1168|0x0000000648000000, 0x0000000648000000, 0x0000000648800000|  0%| F|  |TAMS 0x0000000648000000, 0x0000000648000000| Untracked 
|1169|0x0000000648800000, 0x0000000648800000, 0x0000000649000000|  0%| F|  |TAMS 0x0000000648800000, 0x0000000648800000| Untracked 
|1170|0x0000000649000000, 0x0000000649000000, 0x0000000649800000|  0%| F|  |TAMS 0x0000000649000000, 0x0000000649000000| Untracked 
|1171|0x0000000649800000, 0x0000000649800000, 0x000000064a000000|  0%| F|  |TAMS 0x0000000649800000, 0x0000000649800000| Untracked 
|1172|0x000000064a000000, 0x000000064a000000, 0x000000064a800000|  0%| F|  |TAMS 0x000000064a000000, 0x000000064a000000| Untracked 
|1173|0x000000064a800000, 0x000000064a800000, 0x000000064b000000|  0%| F|  |TAMS 0x000000064a800000, 0x000000064a800000| Untracked 
|1174|0x000000064b000000, 0x000000064b000000, 0x000000064b800000|  0%| F|  |TAMS 0x000000064b000000, 0x000000064b000000| Untracked 
|1175|0x000000064b800000, 0x000000064b800000, 0x000000064c000000|  0%| F|  |TAMS 0x000000064b800000, 0x000000064b800000| Untracked 
|1176|0x000000064c000000, 0x000000064c000000, 0x000000064c800000|  0%| F|  |TAMS 0x000000064c000000, 0x000000064c000000| Untracked 
|1177|0x000000064c800000, 0x000000064c800000, 0x000000064d000000|  0%| F|  |TAMS 0x000000064c800000, 0x000000064c800000| Untracked 
|1178|0x000000064d000000, 0x000000064d000000, 0x000000064d800000|  0%| F|  |TAMS 0x000000064d000000, 0x000000064d000000| Untracked 
|1179|0x000000064d800000, 0x000000064d800000, 0x000000064e000000|  0%| F|  |TAMS 0x000000064d800000, 0x000000064d800000| Untracked 
|1180|0x000000064e000000, 0x000000064e000000, 0x000000064e800000|  0%| F|  |TAMS 0x000000064e000000, 0x000000064e000000| Untracked 
|1181|0x000000064e800000, 0x000000064e800000, 0x000000064f000000|  0%| F|  |TAMS 0x000000064e800000, 0x000000064e800000| Untracked 
|1182|0x000000064f000000, 0x000000064f000000, 0x000000064f800000|  0%| F|  |TAMS 0x000000064f000000, 0x000000064f000000| Untracked 
|1183|0x000000064f800000, 0x000000064f800000, 0x0000000650000000|  0%| F|  |TAMS 0x000000064f800000, 0x000000064f800000| Untracked 
|1184|0x0000000650000000, 0x0000000650000000, 0x0000000650800000|  0%| F|  |TAMS 0x0000000650000000, 0x0000000650000000| Untracked 
|1185|0x0000000650800000, 0x0000000650800000, 0x0000000651000000|  0%| F|  |TAMS 0x0000000650800000, 0x0000000650800000| Untracked 
|1186|0x0000000651000000, 0x0000000651000000, 0x0000000651800000|  0%| F|  |TAMS 0x0000000651000000, 0x0000000651000000| Untracked 
|1187|0x0000000651800000, 0x0000000651800000, 0x0000000652000000|  0%| F|  |TAMS 0x0000000651800000, 0x0000000651800000| Untracked 
|1188|0x0000000652000000, 0x0000000652000000, 0x0000000652800000|  0%| F|  |TAMS 0x0000000652000000, 0x0000000652000000| Untracked 
|1189|0x0000000652800000, 0x0000000652800000, 0x0000000653000000|  0%| F|  |TAMS 0x0000000652800000, 0x0000000652800000| Untracked 
|1190|0x0000000653000000, 0x0000000653000000, 0x0000000653800000|  0%| F|  |TAMS 0x0000000653000000, 0x0000000653000000| Untracked 
|1191|0x0000000653800000, 0x0000000653800000, 0x0000000654000000|  0%| F|  |TAMS 0x0000000653800000, 0x0000000653800000| Untracked 
|1192|0x0000000654000000, 0x0000000654000000, 0x0000000654800000|  0%| F|  |TAMS 0x0000000654000000, 0x0000000654000000| Untracked 
|1193|0x0000000654800000, 0x0000000654800000, 0x0000000655000000|  0%| F|  |TAMS 0x0000000654800000, 0x0000000654800000| Untracked 
|1194|0x0000000655000000, 0x0000000655000000, 0x0000000655800000|  0%| F|  |TAMS 0x0000000655000000, 0x0000000655000000| Untracked 
|1195|0x0000000655800000, 0x0000000655800000, 0x0000000656000000|  0%| F|  |TAMS 0x0000000655800000, 0x0000000655800000| Untracked 
|1196|0x0000000656000000, 0x0000000656000000, 0x0000000656800000|  0%| F|  |TAMS 0x0000000656000000, 0x0000000656000000| Untracked 
|1197|0x0000000656800000, 0x0000000656800000, 0x0000000657000000|  0%| F|  |TAMS 0x0000000656800000, 0x0000000656800000| Untracked 
|1198|0x0000000657000000, 0x0000000657000000, 0x0000000657800000|  0%| F|  |TAMS 0x0000000657000000, 0x0000000657000000| Untracked 
|1199|0x0000000657800000, 0x0000000657800000, 0x0000000658000000|  0%| F|  |TAMS 0x0000000657800000, 0x0000000657800000| Untracked 
|1200|0x0000000658000000, 0x0000000658000000, 0x0000000658800000|  0%| F|  |TAMS 0x0000000658000000, 0x0000000658000000| Untracked 
|1201|0x0000000658800000, 0x0000000658800000, 0x0000000659000000|  0%| F|  |TAMS 0x0000000658800000, 0x0000000658800000| Untracked 
|1202|0x0000000659000000, 0x0000000659000000, 0x0000000659800000|  0%| F|  |TAMS 0x0000000659000000, 0x0000000659000000| Untracked 
|1203|0x0000000659800000, 0x0000000659800000, 0x000000065a000000|  0%| F|  |TAMS 0x0000000659800000, 0x0000000659800000| Untracked 
|1204|0x000000065a000000, 0x000000065a000000, 0x000000065a800000|  0%| F|  |TAMS 0x000000065a000000, 0x000000065a000000| Untracked 
|1205|0x000000065a800000, 0x000000065a800000, 0x000000065b000000|  0%| F|  |TAMS 0x000000065a800000, 0x000000065a800000| Untracked 
|1206|0x000000065b000000, 0x000000065b000000, 0x000000065b800000|  0%| F|  |TAMS 0x000000065b000000, 0x000000065b000000| Untracked 
|1207|0x000000065b800000, 0x000000065b800000, 0x000000065c000000|  0%| F|  |TAMS 0x000000065b800000, 0x000000065b800000| Untracked 
|1208|0x000000065c000000, 0x000000065c000000, 0x000000065c800000|  0%| F|  |TAMS 0x000000065c000000, 0x000000065c000000| Untracked 
|1209|0x000000065c800000, 0x000000065c800000, 0x000000065d000000|  0%| F|  |TAMS 0x000000065c800000, 0x000000065c800000| Untracked 
|1210|0x000000065d000000, 0x000000065d000000, 0x000000065d800000|  0%| F|  |TAMS 0x000000065d000000, 0x000000065d000000| Untracked 
|1211|0x000000065d800000, 0x000000065d800000, 0x000000065e000000|  0%| F|  |TAMS 0x000000065d800000, 0x000000065d800000| Untracked 
|1212|0x000000065e000000, 0x000000065e000000, 0x000000065e800000|  0%| F|  |TAMS 0x000000065e000000, 0x000000065e000000| Untracked 
|1213|0x000000065e800000, 0x000000065e800000, 0x000000065f000000|  0%| F|  |TAMS 0x000000065e800000, 0x000000065e800000| Untracked 
|1214|0x000000065f000000, 0x000000065f000000, 0x000000065f800000|  0%| F|  |TAMS 0x000000065f000000, 0x000000065f000000| Untracked 
|1215|0x000000065f800000, 0x000000065f800000, 0x0000000660000000|  0%| F|  |TAMS 0x000000065f800000, 0x000000065f800000| Untracked 
|1216|0x0000000660000000, 0x0000000660000000, 0x0000000660800000|  0%| F|  |TAMS 0x0000000660000000, 0x0000000660000000| Untracked 
|1217|0x0000000660800000, 0x0000000660800000, 0x0000000661000000|  0%| F|  |TAMS 0x0000000660800000, 0x0000000660800000| Untracked 
|1218|0x0000000661000000, 0x0000000661000000, 0x0000000661800000|  0%| F|  |TAMS 0x0000000661000000, 0x0000000661000000| Untracked 
|1219|0x0000000661800000, 0x0000000661800000, 0x0000000662000000|  0%| F|  |TAMS 0x0000000661800000, 0x0000000661800000| Untracked 
|1220|0x0000000662000000, 0x0000000662000000, 0x0000000662800000|  0%| F|  |TAMS 0x0000000662000000, 0x0000000662000000| Untracked 
|1221|0x0000000662800000, 0x0000000662800000, 0x0000000663000000|  0%| F|  |TAMS 0x0000000662800000, 0x0000000662800000| Untracked 
|1222|0x0000000663000000, 0x0000000663000000, 0x0000000663800000|  0%| F|  |TAMS 0x0000000663000000, 0x0000000663000000| Untracked 
|1223|0x0000000663800000, 0x0000000663800000, 0x0000000664000000|  0%| F|  |TAMS 0x0000000663800000, 0x0000000663800000| Untracked 
|1224|0x0000000664000000, 0x0000000664000000, 0x0000000664800000|  0%| F|  |TAMS 0x0000000664000000, 0x0000000664000000| Untracked 
|1225|0x0000000664800000, 0x0000000664800000, 0x0000000665000000|  0%| F|  |TAMS 0x0000000664800000, 0x0000000664800000| Untracked 
|1226|0x0000000665000000, 0x0000000665000000, 0x0000000665800000|  0%| F|  |TAMS 0x0000000665000000, 0x0000000665000000| Untracked 
|1227|0x0000000665800000, 0x0000000665800000, 0x0000000666000000|  0%| F|  |TAMS 0x0000000665800000, 0x0000000665800000| Untracked 
|1228|0x0000000666000000, 0x0000000666000000, 0x0000000666800000|  0%| F|  |TAMS 0x0000000666000000, 0x0000000666000000| Untracked 
|1229|0x0000000666800000, 0x0000000666800000, 0x0000000667000000|  0%| F|  |TAMS 0x0000000666800000, 0x0000000666800000| Untracked 
|1230|0x0000000667000000, 0x0000000667000000, 0x0000000667800000|  0%| F|  |TAMS 0x0000000667000000, 0x0000000667000000| Untracked 
|1231|0x0000000667800000, 0x0000000667800000, 0x0000000668000000|  0%| F|  |TAMS 0x0000000667800000, 0x0000000667800000| Untracked 
|1232|0x0000000668000000, 0x0000000668000000, 0x0000000668800000|  0%| F|  |TAMS 0x0000000668000000, 0x0000000668000000| Untracked 
|1233|0x0000000668800000, 0x0000000668800000, 0x0000000669000000|  0%| F|  |TAMS 0x0000000668800000, 0x0000000668800000| Untracked 
|1234|0x0000000669000000, 0x0000000669000000, 0x0000000669800000|  0%| F|  |TAMS 0x0000000669000000, 0x0000000669000000| Untracked 
|1235|0x0000000669800000, 0x0000000669800000, 0x000000066a000000|  0%| F|  |TAMS 0x0000000669800000, 0x0000000669800000| Untracked 
|1236|0x000000066a000000, 0x000000066a000000, 0x000000066a800000|  0%| F|  |TAMS 0x000000066a000000, 0x000000066a000000| Untracked 
|1237|0x000000066a800000, 0x000000066a800000, 0x000000066b000000|  0%| F|  |TAMS 0x000000066a800000, 0x000000066a800000| Untracked 
|1238|0x000000066b000000, 0x000000066b000000, 0x000000066b800000|  0%| F|  |TAMS 0x000000066b000000, 0x000000066b000000| Untracked 
|1239|0x000000066b800000, 0x000000066b800000, 0x000000066c000000|  0%| F|  |TAMS 0x000000066b800000, 0x000000066b800000| Untracked 
|1240|0x000000066c000000, 0x000000066c000000, 0x000000066c800000|  0%| F|  |TAMS 0x000000066c000000, 0x000000066c000000| Untracked 
|1241|0x000000066c800000, 0x000000066c800000, 0x000000066d000000|  0%| F|  |TAMS 0x000000066c800000, 0x000000066c800000| Untracked 
|1242|0x000000066d000000, 0x000000066d000000, 0x000000066d800000|  0%| F|  |TAMS 0x000000066d000000, 0x000000066d000000| Untracked 
|1243|0x000000066d800000, 0x000000066d800000, 0x000000066e000000|  0%| F|  |TAMS 0x000000066d800000, 0x000000066d800000| Untracked 
|1244|0x000000066e000000, 0x000000066e000000, 0x000000066e800000|  0%| F|  |TAMS 0x000000066e000000, 0x000000066e000000| Untracked 
|1245|0x000000066e800000, 0x000000066e800000, 0x000000066f000000|  0%| F|  |TAMS 0x000000066e800000, 0x000000066e800000| Untracked 
|1246|0x000000066f000000, 0x000000066f000000, 0x000000066f800000|  0%| F|  |TAMS 0x000000066f000000, 0x000000066f000000| Untracked 
|1247|0x000000066f800000, 0x000000066f800000, 0x0000000670000000|  0%| F|  |TAMS 0x000000066f800000, 0x000000066f800000| Untracked 
|1248|0x0000000670000000, 0x0000000670000000, 0x0000000670800000|  0%| F|  |TAMS 0x0000000670000000, 0x0000000670000000| Untracked 
|1249|0x0000000670800000, 0x0000000670800000, 0x0000000671000000|  0%| F|  |TAMS 0x0000000670800000, 0x0000000670800000| Untracked 
|1250|0x0000000671000000, 0x0000000671000000, 0x0000000671800000|  0%| F|  |TAMS 0x0000000671000000, 0x0000000671000000| Untracked 
|1251|0x0000000671800000, 0x0000000671800000, 0x0000000672000000|  0%| F|  |TAMS 0x0000000671800000, 0x0000000671800000| Untracked 
|1252|0x0000000672000000, 0x0000000672000000, 0x0000000672800000|  0%| F|  |TAMS 0x0000000672000000, 0x0000000672000000| Untracked 
|1253|0x0000000672800000, 0x0000000672800000, 0x0000000673000000|  0%| F|  |TAMS 0x0000000672800000, 0x0000000672800000| Untracked 
|1254|0x0000000673000000, 0x0000000673000000, 0x0000000673800000|  0%| F|  |TAMS 0x0000000673000000, 0x0000000673000000| Untracked 
|1255|0x0000000673800000, 0x0000000673800000, 0x0000000674000000|  0%| F|  |TAMS 0x0000000673800000, 0x0000000673800000| Untracked 
|1256|0x0000000674000000, 0x0000000674000000, 0x0000000674800000|  0%| F|  |TAMS 0x0000000674000000, 0x0000000674000000| Untracked 
|1257|0x0000000674800000, 0x0000000674800000, 0x0000000675000000|  0%| F|  |TAMS 0x0000000674800000, 0x0000000674800000| Untracked 
|1258|0x0000000675000000, 0x0000000675000000, 0x0000000675800000|  0%| F|  |TAMS 0x0000000675000000, 0x0000000675000000| Untracked 
|1259|0x0000000675800000, 0x0000000675800000, 0x0000000676000000|  0%| F|  |TAMS 0x0000000675800000, 0x0000000675800000| Untracked 
|1260|0x0000000676000000, 0x0000000676000000, 0x0000000676800000|  0%| F|  |TAMS 0x0000000676000000, 0x0000000676000000| Untracked 
|1261|0x0000000676800000, 0x0000000676800000, 0x0000000677000000|  0%| F|  |TAMS 0x0000000676800000, 0x0000000676800000| Untracked 
|1262|0x0000000677000000, 0x0000000677000000, 0x0000000677800000|  0%| F|  |TAMS 0x0000000677000000, 0x0000000677000000| Untracked 
|1263|0x0000000677800000, 0x0000000677800000, 0x0000000678000000|  0%| F|  |TAMS 0x0000000677800000, 0x0000000677800000| Untracked 
|1264|0x0000000678000000, 0x0000000678000000, 0x0000000678800000|  0%| F|  |TAMS 0x0000000678000000, 0x0000000678000000| Untracked 
|1265|0x0000000678800000, 0x0000000678800000, 0x0000000679000000|  0%| F|  |TAMS 0x0000000678800000, 0x0000000678800000| Untracked 
|1266|0x0000000679000000, 0x0000000679000000, 0x0000000679800000|  0%| F|  |TAMS 0x0000000679000000, 0x0000000679000000| Untracked 
|1267|0x0000000679800000, 0x0000000679800000, 0x000000067a000000|  0%| F|  |TAMS 0x0000000679800000, 0x0000000679800000| Untracked 
|1268|0x000000067a000000, 0x000000067a000000, 0x000000067a800000|  0%| F|  |TAMS 0x000000067a000000, 0x000000067a000000| Untracked 
|1269|0x000000067a800000, 0x000000067a800000, 0x000000067b000000|  0%| F|  |TAMS 0x000000067a800000, 0x000000067a800000| Untracked 
|1270|0x000000067b000000, 0x000000067b000000, 0x000000067b800000|  0%| F|  |TAMS 0x000000067b000000, 0x000000067b000000| Untracked 
|1271|0x000000067b800000, 0x000000067b800000, 0x000000067c000000|  0%| F|  |TAMS 0x000000067b800000, 0x000000067b800000| Untracked 
|1272|0x000000067c000000, 0x000000067c000000, 0x000000067c800000|  0%| F|  |TAMS 0x000000067c000000, 0x000000067c000000| Untracked 
|1273|0x000000067c800000, 0x000000067c800000, 0x000000067d000000|  0%| F|  |TAMS 0x000000067c800000, 0x000000067c800000| Untracked 
|1274|0x000000067d000000, 0x000000067d000000, 0x000000067d800000|  0%| F|  |TAMS 0x000000067d000000, 0x000000067d000000| Untracked 
|1275|0x000000067d800000, 0x000000067d800000, 0x000000067e000000|  0%| F|  |TAMS 0x000000067d800000, 0x000000067d800000| Untracked 
|1276|0x000000067e000000, 0x000000067e000000, 0x000000067e800000|  0%| F|  |TAMS 0x000000067e000000, 0x000000067e000000| Untracked 
|1277|0x000000067e800000, 0x000000067e800000, 0x000000067f000000|  0%| F|  |TAMS 0x000000067e800000, 0x000000067e800000| Untracked 
|1278|0x000000067f000000, 0x000000067f000000, 0x000000067f800000|  0%| F|  |TAMS 0x000000067f000000, 0x000000067f000000| Untracked 
|1279|0x000000067f800000, 0x000000067f800000, 0x0000000680000000|  0%| F|  |TAMS 0x000000067f800000, 0x000000067f800000| Untracked 
|1280|0x0000000680000000, 0x0000000680000000, 0x0000000680800000|  0%| F|  |TAMS 0x0000000680000000, 0x0000000680000000| Untracked 
|1281|0x0000000680800000, 0x0000000680800000, 0x0000000681000000|  0%| F|  |TAMS 0x0000000680800000, 0x0000000680800000| Untracked 
|1282|0x0000000681000000, 0x0000000681000000, 0x0000000681800000|  0%| F|  |TAMS 0x0000000681000000, 0x0000000681000000| Untracked 
|1283|0x0000000681800000, 0x0000000681800000, 0x0000000682000000|  0%| F|  |TAMS 0x0000000681800000, 0x0000000681800000| Untracked 
|1284|0x0000000682000000, 0x0000000682000000, 0x0000000682800000|  0%| F|  |TAMS 0x0000000682000000, 0x0000000682000000| Untracked 
|1285|0x0000000682800000, 0x0000000682800000, 0x0000000683000000|  0%| F|  |TAMS 0x0000000682800000, 0x0000000682800000| Untracked 
|1286|0x0000000683000000, 0x0000000683000000, 0x0000000683800000|  0%| F|  |TAMS 0x0000000683000000, 0x0000000683000000| Untracked 
|1287|0x0000000683800000, 0x0000000683800000, 0x0000000684000000|  0%| F|  |TAMS 0x0000000683800000, 0x0000000683800000| Untracked 
|1288|0x0000000684000000, 0x0000000684000000, 0x0000000684800000|  0%| F|  |TAMS 0x0000000684000000, 0x0000000684000000| Untracked 
|1289|0x0000000684800000, 0x0000000684800000, 0x0000000685000000|  0%| F|  |TAMS 0x0000000684800000, 0x0000000684800000| Untracked 
|1290|0x0000000685000000, 0x0000000685000000, 0x0000000685800000|  0%| F|  |TAMS 0x0000000685000000, 0x0000000685000000| Untracked 
|1291|0x0000000685800000, 0x0000000685800000, 0x0000000686000000|  0%| F|  |TAMS 0x0000000685800000, 0x0000000685800000| Untracked 
|1292|0x0000000686000000, 0x0000000686000000, 0x0000000686800000|  0%| F|  |TAMS 0x0000000686000000, 0x0000000686000000| Untracked 
|1293|0x0000000686800000, 0x0000000686800000, 0x0000000687000000|  0%| F|  |TAMS 0x0000000686800000, 0x0000000686800000| Untracked 
|1294|0x0000000687000000, 0x0000000687000000, 0x0000000687800000|  0%| F|  |TAMS 0x0000000687000000, 0x0000000687000000| Untracked 
|1295|0x0000000687800000, 0x0000000687800000, 0x0000000688000000|  0%| F|  |TAMS 0x0000000687800000, 0x0000000687800000| Untracked 
|1296|0x0000000688000000, 0x0000000688000000, 0x0000000688800000|  0%| F|  |TAMS 0x0000000688000000, 0x0000000688000000| Untracked 
|1297|0x0000000688800000, 0x0000000688800000, 0x0000000689000000|  0%| F|  |TAMS 0x0000000688800000, 0x0000000688800000| Untracked 
|1298|0x0000000689000000, 0x0000000689000000, 0x0000000689800000|  0%| F|  |TAMS 0x0000000689000000, 0x0000000689000000| Untracked 
|1299|0x0000000689800000, 0x0000000689800000, 0x000000068a000000|  0%| F|  |TAMS 0x0000000689800000, 0x0000000689800000| Untracked 
|1300|0x000000068a000000, 0x000000068a000000, 0x000000068a800000|  0%| F|  |TAMS 0x000000068a000000, 0x000000068a000000| Untracked 
|1301|0x000000068a800000, 0x000000068a800000, 0x000000068b000000|  0%| F|  |TAMS 0x000000068a800000, 0x000000068a800000| Untracked 
|1302|0x000000068b000000, 0x000000068b000000, 0x000000068b800000|  0%| F|  |TAMS 0x000000068b000000, 0x000000068b000000| Untracked 
|1303|0x000000068b800000, 0x000000068b800000, 0x000000068c000000|  0%| F|  |TAMS 0x000000068b800000, 0x000000068b800000| Untracked 
|1304|0x000000068c000000, 0x000000068c000000, 0x000000068c800000|  0%| F|  |TAMS 0x000000068c000000, 0x000000068c000000| Untracked 
|1305|0x000000068c800000, 0x000000068c800000, 0x000000068d000000|  0%| F|  |TAMS 0x000000068c800000, 0x000000068c800000| Untracked 
|1306|0x000000068d000000, 0x000000068d000000, 0x000000068d800000|  0%| F|  |TAMS 0x000000068d000000, 0x000000068d000000| Untracked 
|1307|0x000000068d800000, 0x000000068d800000, 0x000000068e000000|  0%| F|  |TAMS 0x000000068d800000, 0x000000068d800000| Untracked 
|1308|0x000000068e000000, 0x000000068e000000, 0x000000068e800000|  0%| F|  |TAMS 0x000000068e000000, 0x000000068e000000| Untracked 
|1309|0x000000068e800000, 0x000000068e800000, 0x000000068f000000|  0%| F|  |TAMS 0x000000068e800000, 0x000000068e800000| Untracked 
|1310|0x000000068f000000, 0x000000068f000000, 0x000000068f800000|  0%| F|  |TAMS 0x000000068f000000, 0x000000068f000000| Untracked 
|1311|0x000000068f800000, 0x000000068f800000, 0x0000000690000000|  0%| F|  |TAMS 0x000000068f800000, 0x000000068f800000| Untracked 
|1312|0x0000000690000000, 0x0000000690000000, 0x0000000690800000|  0%| F|  |TAMS 0x0000000690000000, 0x0000000690000000| Untracked 
|1313|0x0000000690800000, 0x0000000690800000, 0x0000000691000000|  0%| F|  |TAMS 0x0000000690800000, 0x0000000690800000| Untracked 
|1314|0x0000000691000000, 0x0000000691000000, 0x0000000691800000|  0%| F|  |TAMS 0x0000000691000000, 0x0000000691000000| Untracked 
|1315|0x0000000691800000, 0x0000000691800000, 0x0000000692000000|  0%| F|  |TAMS 0x0000000691800000, 0x0000000691800000| Untracked 
|1316|0x0000000692000000, 0x0000000692000000, 0x0000000692800000|  0%| F|  |TAMS 0x0000000692000000, 0x0000000692000000| Untracked 
|1317|0x0000000692800000, 0x0000000692800000, 0x0000000693000000|  0%| F|  |TAMS 0x0000000692800000, 0x0000000692800000| Untracked 
|1318|0x0000000693000000, 0x0000000693000000, 0x0000000693800000|  0%| F|  |TAMS 0x0000000693000000, 0x0000000693000000| Untracked 
|1319|0x0000000693800000, 0x0000000693800000, 0x0000000694000000|  0%| F|  |TAMS 0x0000000693800000, 0x0000000693800000| Untracked 
|1320|0x0000000694000000, 0x0000000694000000, 0x0000000694800000|  0%| F|  |TAMS 0x0000000694000000, 0x0000000694000000| Untracked 
|1321|0x0000000694800000, 0x0000000694800000, 0x0000000695000000|  0%| F|  |TAMS 0x0000000694800000, 0x0000000694800000| Untracked 
|1322|0x0000000695000000, 0x0000000695000000, 0x0000000695800000|  0%| F|  |TAMS 0x0000000695000000, 0x0000000695000000| Untracked 
|1323|0x0000000695800000, 0x0000000695800000, 0x0000000696000000|  0%| F|  |TAMS 0x0000000695800000, 0x0000000695800000| Untracked 
|1324|0x0000000696000000, 0x0000000696000000, 0x0000000696800000|  0%| F|  |TAMS 0x0000000696000000, 0x0000000696000000| Untracked 
|1325|0x0000000696800000, 0x0000000696800000, 0x0000000697000000|  0%| F|  |TAMS 0x0000000696800000, 0x0000000696800000| Untracked 
|1326|0x0000000697000000, 0x0000000697000000, 0x0000000697800000|  0%| F|  |TAMS 0x0000000697000000, 0x0000000697000000| Untracked 
|1327|0x0000000697800000, 0x0000000697800000, 0x0000000698000000|  0%| F|  |TAMS 0x0000000697800000, 0x0000000697800000| Untracked 
|1328|0x0000000698000000, 0x0000000698000000, 0x0000000698800000|  0%| F|  |TAMS 0x0000000698000000, 0x0000000698000000| Untracked 
|1329|0x0000000698800000, 0x0000000698800000, 0x0000000699000000|  0%| F|  |TAMS 0x0000000698800000, 0x0000000698800000| Untracked 
|1330|0x0000000699000000, 0x0000000699000000, 0x0000000699800000|  0%| F|  |TAMS 0x0000000699000000, 0x0000000699000000| Untracked 
|1331|0x0000000699800000, 0x0000000699800000, 0x000000069a000000|  0%| F|  |TAMS 0x0000000699800000, 0x0000000699800000| Untracked 
|1332|0x000000069a000000, 0x000000069a000000, 0x000000069a800000|  0%| F|  |TAMS 0x000000069a000000, 0x000000069a000000| Untracked 
|1333|0x000000069a800000, 0x000000069a800000, 0x000000069b000000|  0%| F|  |TAMS 0x000000069a800000, 0x000000069a800000| Untracked 
|1334|0x000000069b000000, 0x000000069b000000, 0x000000069b800000|  0%| F|  |TAMS 0x000000069b000000, 0x000000069b000000| Untracked 
|1335|0x000000069b800000, 0x000000069b800000, 0x000000069c000000|  0%| F|  |TAMS 0x000000069b800000, 0x000000069b800000| Untracked 
|1336|0x000000069c000000, 0x000000069c000000, 0x000000069c800000|  0%| F|  |TAMS 0x000000069c000000, 0x000000069c000000| Untracked 
|1337|0x000000069c800000, 0x000000069c800000, 0x000000069d000000|  0%| F|  |TAMS 0x000000069c800000, 0x000000069c800000| Untracked 
|1338|0x000000069d000000, 0x000000069d000000, 0x000000069d800000|  0%| F|  |TAMS 0x000000069d000000, 0x000000069d000000| Untracked 
|1339|0x000000069d800000, 0x000000069d800000, 0x000000069e000000|  0%| F|  |TAMS 0x000000069d800000, 0x000000069d800000| Untracked 
|1340|0x000000069e000000, 0x000000069e000000, 0x000000069e800000|  0%| F|  |TAMS 0x000000069e000000, 0x000000069e000000| Untracked 
|1341|0x000000069e800000, 0x000000069e800000, 0x000000069f000000|  0%| F|  |TAMS 0x000000069e800000, 0x000000069e800000| Untracked 
|1342|0x000000069f000000, 0x000000069f000000, 0x000000069f800000|  0%| F|  |TAMS 0x000000069f000000, 0x000000069f000000| Untracked 
|1343|0x000000069f800000, 0x000000069f800000, 0x00000006a0000000|  0%| F|  |TAMS 0x000000069f800000, 0x000000069f800000| Untracked 
|1344|0x00000006a0000000, 0x00000006a0000000, 0x00000006a0800000|  0%| F|  |TAMS 0x00000006a0000000, 0x00000006a0000000| Untracked 
|1345|0x00000006a0800000, 0x00000006a0800000, 0x00000006a1000000|  0%| F|  |TAMS 0x00000006a0800000, 0x00000006a0800000| Untracked 
|1346|0x00000006a1000000, 0x00000006a1000000, 0x00000006a1800000|  0%| F|  |TAMS 0x00000006a1000000, 0x00000006a1000000| Untracked 
|1347|0x00000006a1800000, 0x00000006a1800000, 0x00000006a2000000|  0%| F|  |TAMS 0x00000006a1800000, 0x00000006a1800000| Untracked 
|1348|0x00000006a2000000, 0x00000006a2000000, 0x00000006a2800000|  0%| F|  |TAMS 0x00000006a2000000, 0x00000006a2000000| Untracked 
|1349|0x00000006a2800000, 0x00000006a2800000, 0x00000006a3000000|  0%| F|  |TAMS 0x00000006a2800000, 0x00000006a2800000| Untracked 
|1350|0x00000006a3000000, 0x00000006a3000000, 0x00000006a3800000|  0%| F|  |TAMS 0x00000006a3000000, 0x00000006a3000000| Untracked 
|1351|0x00000006a3800000, 0x00000006a3800000, 0x00000006a4000000|  0%| F|  |TAMS 0x00000006a3800000, 0x00000006a3800000| Untracked 
|1352|0x00000006a4000000, 0x00000006a4000000, 0x00000006a4800000|  0%| F|  |TAMS 0x00000006a4000000, 0x00000006a4000000| Untracked 
|1353|0x00000006a4800000, 0x00000006a4800000, 0x00000006a5000000|  0%| F|  |TAMS 0x00000006a4800000, 0x00000006a4800000| Untracked 
|1354|0x00000006a5000000, 0x00000006a5000000, 0x00000006a5800000|  0%| F|  |TAMS 0x00000006a5000000, 0x00000006a5000000| Untracked 
|1355|0x00000006a5800000, 0x00000006a5800000, 0x00000006a6000000|  0%| F|  |TAMS 0x00000006a5800000, 0x00000006a5800000| Untracked 
|1356|0x00000006a6000000, 0x00000006a6000000, 0x00000006a6800000|  0%| F|  |TAMS 0x00000006a6000000, 0x00000006a6000000| Untracked 
|1357|0x00000006a6800000, 0x00000006a6800000, 0x00000006a7000000|  0%| F|  |TAMS 0x00000006a6800000, 0x00000006a6800000| Untracked 
|1358|0x00000006a7000000, 0x00000006a7000000, 0x00000006a7800000|  0%| F|  |TAMS 0x00000006a7000000, 0x00000006a7000000| Untracked 
|1359|0x00000006a7800000, 0x00000006a7800000, 0x00000006a8000000|  0%| F|  |TAMS 0x00000006a7800000, 0x00000006a7800000| Untracked 
|1360|0x00000006a8000000, 0x00000006a8000000, 0x00000006a8800000|  0%| F|  |TAMS 0x00000006a8000000, 0x00000006a8000000| Untracked 
|1361|0x00000006a8800000, 0x00000006a8800000, 0x00000006a9000000|  0%| F|  |TAMS 0x00000006a8800000, 0x00000006a8800000| Untracked 
|1362|0x00000006a9000000, 0x00000006a9000000, 0x00000006a9800000|  0%| F|  |TAMS 0x00000006a9000000, 0x00000006a9000000| Untracked 
|1363|0x00000006a9800000, 0x00000006a9800000, 0x00000006aa000000|  0%| F|  |TAMS 0x00000006a9800000, 0x00000006a9800000| Untracked 
|1364|0x00000006aa000000, 0x00000006aa000000, 0x00000006aa800000|  0%| F|  |TAMS 0x00000006aa000000, 0x00000006aa000000| Untracked 
|1365|0x00000006aa800000, 0x00000006aa800000, 0x00000006ab000000|  0%| F|  |TAMS 0x00000006aa800000, 0x00000006aa800000| Untracked 
|1366|0x00000006ab000000, 0x00000006ab000000, 0x00000006ab800000|  0%| F|  |TAMS 0x00000006ab000000, 0x00000006ab000000| Untracked 
|1367|0x00000006ab800000, 0x00000006ab800000, 0x00000006ac000000|  0%| F|  |TAMS 0x00000006ab800000, 0x00000006ab800000| Untracked 
|1368|0x00000006ac000000, 0x00000006ac000000, 0x00000006ac800000|  0%| F|  |TAMS 0x00000006ac000000, 0x00000006ac000000| Untracked 
|1369|0x00000006ac800000, 0x00000006ac800000, 0x00000006ad000000|  0%| F|  |TAMS 0x00000006ac800000, 0x00000006ac800000| Untracked 
|1370|0x00000006ad000000, 0x00000006ad000000, 0x00000006ad800000|  0%| F|  |TAMS 0x00000006ad000000, 0x00000006ad000000| Untracked 
|1371|0x00000006ad800000, 0x00000006ad800000, 0x00000006ae000000|  0%| F|  |TAMS 0x00000006ad800000, 0x00000006ad800000| Untracked 
|1372|0x00000006ae000000, 0x00000006ae000000, 0x00000006ae800000|  0%| F|  |TAMS 0x00000006ae000000, 0x00000006ae000000| Untracked 
|1373|0x00000006ae800000, 0x00000006ae800000, 0x00000006af000000|  0%| F|  |TAMS 0x00000006ae800000, 0x00000006ae800000| Untracked 
|1374|0x00000006af000000, 0x00000006af000000, 0x00000006af800000|  0%| F|  |TAMS 0x00000006af000000, 0x00000006af000000| Untracked 
|1375|0x00000006af800000, 0x00000006af800000, 0x00000006b0000000|  0%| F|  |TAMS 0x00000006af800000, 0x00000006af800000| Untracked 
|1376|0x00000006b0000000, 0x00000006b0000000, 0x00000006b0800000|  0%| F|  |TAMS 0x00000006b0000000, 0x00000006b0000000| Untracked 
|1377|0x00000006b0800000, 0x00000006b0800000, 0x00000006b1000000|  0%| F|  |TAMS 0x00000006b0800000, 0x00000006b0800000| Untracked 
|1378|0x00000006b1000000, 0x00000006b1000000, 0x00000006b1800000|  0%| F|  |TAMS 0x00000006b1000000, 0x00000006b1000000| Untracked 
|1379|0x00000006b1800000, 0x00000006b1800000, 0x00000006b2000000|  0%| F|  |TAMS 0x00000006b1800000, 0x00000006b1800000| Untracked 
|1380|0x00000006b2000000, 0x00000006b2000000, 0x00000006b2800000|  0%| F|  |TAMS 0x00000006b2000000, 0x00000006b2000000| Untracked 
|1381|0x00000006b2800000, 0x00000006b2800000, 0x00000006b3000000|  0%| F|  |TAMS 0x00000006b2800000, 0x00000006b2800000| Untracked 
|1382|0x00000006b3000000, 0x00000006b3000000, 0x00000006b3800000|  0%| F|  |TAMS 0x00000006b3000000, 0x00000006b3000000| Untracked 
|1383|0x00000006b3800000, 0x00000006b3800000, 0x00000006b4000000|  0%| F|  |TAMS 0x00000006b3800000, 0x00000006b3800000| Untracked 
|1384|0x00000006b4000000, 0x00000006b4000000, 0x00000006b4800000|  0%| F|  |TAMS 0x00000006b4000000, 0x00000006b4000000| Untracked 
|1385|0x00000006b4800000, 0x00000006b4800000, 0x00000006b5000000|  0%| F|  |TAMS 0x00000006b4800000, 0x00000006b4800000| Untracked 
|1386|0x00000006b5000000, 0x00000006b5000000, 0x00000006b5800000|  0%| F|  |TAMS 0x00000006b5000000, 0x00000006b5000000| Untracked 
|1387|0x00000006b5800000, 0x00000006b5800000, 0x00000006b6000000|  0%| F|  |TAMS 0x00000006b5800000, 0x00000006b5800000| Untracked 
|1388|0x00000006b6000000, 0x00000006b6000000, 0x00000006b6800000|  0%| F|  |TAMS 0x00000006b6000000, 0x00000006b6000000| Untracked 
|1389|0x00000006b6800000, 0x00000006b6800000, 0x00000006b7000000|  0%| F|  |TAMS 0x00000006b6800000, 0x00000006b6800000| Untracked 
|1390|0x00000006b7000000, 0x00000006b7000000, 0x00000006b7800000|  0%| F|  |TAMS 0x00000006b7000000, 0x00000006b7000000| Untracked 
|1391|0x00000006b7800000, 0x00000006b7800000, 0x00000006b8000000|  0%| F|  |TAMS 0x00000006b7800000, 0x00000006b7800000| Untracked 
|1392|0x00000006b8000000, 0x00000006b8000000, 0x00000006b8800000|  0%| F|  |TAMS 0x00000006b8000000, 0x00000006b8000000| Untracked 
|1393|0x00000006b8800000, 0x00000006b8800000, 0x00000006b9000000|  0%| F|  |TAMS 0x00000006b8800000, 0x00000006b8800000| Untracked 
|1394|0x00000006b9000000, 0x00000006b9000000, 0x00000006b9800000|  0%| F|  |TAMS 0x00000006b9000000, 0x00000006b9000000| Untracked 
|1395|0x00000006b9800000, 0x00000006b9800000, 0x00000006ba000000|  0%| F|  |TAMS 0x00000006b9800000, 0x00000006b9800000| Untracked 
|1396|0x00000006ba000000, 0x00000006ba000000, 0x00000006ba800000|  0%| F|  |TAMS 0x00000006ba000000, 0x00000006ba000000| Untracked 
|1397|0x00000006ba800000, 0x00000006ba800000, 0x00000006bb000000|  0%| F|  |TAMS 0x00000006ba800000, 0x00000006ba800000| Untracked 
|1398|0x00000006bb000000, 0x00000006bb000000, 0x00000006bb800000|  0%| F|  |TAMS 0x00000006bb000000, 0x00000006bb000000| Untracked 
|1399|0x00000006bb800000, 0x00000006bb800000, 0x00000006bc000000|  0%| F|  |TAMS 0x00000006bb800000, 0x00000006bb800000| Untracked 
|1400|0x00000006bc000000, 0x00000006bc000000, 0x00000006bc800000|  0%| F|  |TAMS 0x00000006bc000000, 0x00000006bc000000| Untracked 
|1401|0x00000006bc800000, 0x00000006bc800000, 0x00000006bd000000|  0%| F|  |TAMS 0x00000006bc800000, 0x00000006bc800000| Untracked 
|1402|0x00000006bd000000, 0x00000006bd000000, 0x00000006bd800000|  0%| F|  |TAMS 0x00000006bd000000, 0x00000006bd000000| Untracked 
|1403|0x00000006bd800000, 0x00000006bd800000, 0x00000006be000000|  0%| F|  |TAMS 0x00000006bd800000, 0x00000006bd800000| Untracked 
|1404|0x00000006be000000, 0x00000006be000000, 0x00000006be800000|  0%| F|  |TAMS 0x00000006be000000, 0x00000006be000000| Untracked 
|1405|0x00000006be800000, 0x00000006be800000, 0x00000006bf000000|  0%| F|  |TAMS 0x00000006be800000, 0x00000006be800000| Untracked 
|1406|0x00000006bf000000, 0x00000006bf000000, 0x00000006bf800000|  0%| F|  |TAMS 0x00000006bf000000, 0x00000006bf000000| Untracked 
|1407|0x00000006bf800000, 0x00000006bf800000, 0x00000006c0000000|  0%| F|  |TAMS 0x00000006bf800000, 0x00000006bf800000| Untracked 
|1408|0x00000006c0000000, 0x00000006c0000000, 0x00000006c0800000|  0%| F|  |TAMS 0x00000006c0000000, 0x00000006c0000000| Untracked 
|1409|0x00000006c0800000, 0x00000006c0800000, 0x00000006c1000000|  0%| F|  |TAMS 0x00000006c0800000, 0x00000006c0800000| Untracked 
|1410|0x00000006c1000000, 0x00000006c1000000, 0x00000006c1800000|  0%| F|  |TAMS 0x00000006c1000000, 0x00000006c1000000| Untracked 
|1411|0x00000006c1800000, 0x00000006c1800000, 0x00000006c2000000|  0%| F|  |TAMS 0x00000006c1800000, 0x00000006c1800000| Untracked 
|1412|0x00000006c2000000, 0x00000006c2000000, 0x00000006c2800000|  0%| F|  |TAMS 0x00000006c2000000, 0x00000006c2000000| Untracked 
|1413|0x00000006c2800000, 0x00000006c2800000, 0x00000006c3000000|  0%| F|  |TAMS 0x00000006c2800000, 0x00000006c2800000| Untracked 
|1414|0x00000006c3000000, 0x00000006c3000000, 0x00000006c3800000|  0%| F|  |TAMS 0x00000006c3000000, 0x00000006c3000000| Untracked 
|1415|0x00000006c3800000, 0x00000006c3800000, 0x00000006c4000000|  0%| F|  |TAMS 0x00000006c3800000, 0x00000006c3800000| Untracked 
|1416|0x00000006c4000000, 0x00000006c4000000, 0x00000006c4800000|  0%| F|  |TAMS 0x00000006c4000000, 0x00000006c4000000| Untracked 
|1417|0x00000006c4800000, 0x00000006c4800000, 0x00000006c5000000|  0%| F|  |TAMS 0x00000006c4800000, 0x00000006c4800000| Untracked 
|1418|0x00000006c5000000, 0x00000006c5000000, 0x00000006c5800000|  0%| F|  |TAMS 0x00000006c5000000, 0x00000006c5000000| Untracked 
|1419|0x00000006c5800000, 0x00000006c5800000, 0x00000006c6000000|  0%| F|  |TAMS 0x00000006c5800000, 0x00000006c5800000| Untracked 
|1420|0x00000006c6000000, 0x00000006c6000000, 0x00000006c6800000|  0%| F|  |TAMS 0x00000006c6000000, 0x00000006c6000000| Untracked 
|1421|0x00000006c6800000, 0x00000006c6800000, 0x00000006c7000000|  0%| F|  |TAMS 0x00000006c6800000, 0x00000006c6800000| Untracked 
|1422|0x00000006c7000000, 0x00000006c7000000, 0x00000006c7800000|  0%| F|  |TAMS 0x00000006c7000000, 0x00000006c7000000| Untracked 
|1423|0x00000006c7800000, 0x00000006c7800000, 0x00000006c8000000|  0%| F|  |TAMS 0x00000006c7800000, 0x00000006c7800000| Untracked 
|1424|0x00000006c8000000, 0x00000006c8000000, 0x00000006c8800000|  0%| F|  |TAMS 0x00000006c8000000, 0x00000006c8000000| Untracked 
|1425|0x00000006c8800000, 0x00000006c8800000, 0x00000006c9000000|  0%| F|  |TAMS 0x00000006c8800000, 0x00000006c8800000| Untracked 
|1426|0x00000006c9000000, 0x00000006c9000000, 0x00000006c9800000|  0%| F|  |TAMS 0x00000006c9000000, 0x00000006c9000000| Untracked 
|1427|0x00000006c9800000, 0x00000006c9800000, 0x00000006ca000000|  0%| F|  |TAMS 0x00000006c9800000, 0x00000006c9800000| Untracked 
|1428|0x00000006ca000000, 0x00000006ca000000, 0x00000006ca800000|  0%| F|  |TAMS 0x00000006ca000000, 0x00000006ca000000| Untracked 
|1429|0x00000006ca800000, 0x00000006ca800000, 0x00000006cb000000|  0%| F|  |TAMS 0x00000006ca800000, 0x00000006ca800000| Untracked 
|1430|0x00000006cb000000, 0x00000006cb000000, 0x00000006cb800000|  0%| F|  |TAMS 0x00000006cb000000, 0x00000006cb000000| Untracked 
|1431|0x00000006cb800000, 0x00000006cb800000, 0x00000006cc000000|  0%| F|  |TAMS 0x00000006cb800000, 0x00000006cb800000| Untracked 
|1432|0x00000006cc000000, 0x00000006cc000000, 0x00000006cc800000|  0%| F|  |TAMS 0x00000006cc000000, 0x00000006cc000000| Untracked 
|1433|0x00000006cc800000, 0x00000006cc800000, 0x00000006cd000000|  0%| F|  |TAMS 0x00000006cc800000, 0x00000006cc800000| Untracked 
|1434|0x00000006cd000000, 0x00000006cd000000, 0x00000006cd800000|  0%| F|  |TAMS 0x00000006cd000000, 0x00000006cd000000| Untracked 
|1435|0x00000006cd800000, 0x00000006cd800000, 0x00000006ce000000|  0%| F|  |TAMS 0x00000006cd800000, 0x00000006cd800000| Untracked 
|1436|0x00000006ce000000, 0x00000006ce000000, 0x00000006ce800000|  0%| F|  |TAMS 0x00000006ce000000, 0x00000006ce000000| Untracked 
|1437|0x00000006ce800000, 0x00000006ce800000, 0x00000006cf000000|  0%| F|  |TAMS 0x00000006ce800000, 0x00000006ce800000| Untracked 
|1438|0x00000006cf000000, 0x00000006cf000000, 0x00000006cf800000|  0%| F|  |TAMS 0x00000006cf000000, 0x00000006cf000000| Untracked 
|1439|0x00000006cf800000, 0x00000006cf800000, 0x00000006d0000000|  0%| F|  |TAMS 0x00000006cf800000, 0x00000006cf800000| Untracked 
|1440|0x00000006d0000000, 0x00000006d0000000, 0x00000006d0800000|  0%| F|  |TAMS 0x00000006d0000000, 0x00000006d0000000| Untracked 
|1441|0x00000006d0800000, 0x00000006d0800000, 0x00000006d1000000|  0%| F|  |TAMS 0x00000006d0800000, 0x00000006d0800000| Untracked 
|1442|0x00000006d1000000, 0x00000006d1000000, 0x00000006d1800000|  0%| F|  |TAMS 0x00000006d1000000, 0x00000006d1000000| Untracked 
|1443|0x00000006d1800000, 0x00000006d1800000, 0x00000006d2000000|  0%| F|  |TAMS 0x00000006d1800000, 0x00000006d1800000| Untracked 
|1444|0x00000006d2000000, 0x00000006d2000000, 0x00000006d2800000|  0%| F|  |TAMS 0x00000006d2000000, 0x00000006d2000000| Untracked 
|1445|0x00000006d2800000, 0x00000006d2800000, 0x00000006d3000000|  0%| F|  |TAMS 0x00000006d2800000, 0x00000006d2800000| Untracked 
|1446|0x00000006d3000000, 0x00000006d3000000, 0x00000006d3800000|  0%| F|  |TAMS 0x00000006d3000000, 0x00000006d3000000| Untracked 
|1447|0x00000006d3800000, 0x00000006d3800000, 0x00000006d4000000|  0%| F|  |TAMS 0x00000006d3800000, 0x00000006d3800000| Untracked 
|1448|0x00000006d4000000, 0x00000006d4000000, 0x00000006d4800000|  0%| F|  |TAMS 0x00000006d4000000, 0x00000006d4000000| Untracked 
|1449|0x00000006d4800000, 0x00000006d4800000, 0x00000006d5000000|  0%| F|  |TAMS 0x00000006d4800000, 0x00000006d4800000| Untracked 
|1450|0x00000006d5000000, 0x00000006d5000000, 0x00000006d5800000|  0%| F|  |TAMS 0x00000006d5000000, 0x00000006d5000000| Untracked 
|1451|0x00000006d5800000, 0x00000006d5800000, 0x00000006d6000000|  0%| F|  |TAMS 0x00000006d5800000, 0x00000006d5800000| Untracked 
|1452|0x00000006d6000000, 0x00000006d6000000, 0x00000006d6800000|  0%| F|  |TAMS 0x00000006d6000000, 0x00000006d6000000| Untracked 
|1453|0x00000006d6800000, 0x00000006d6800000, 0x00000006d7000000|  0%| F|  |TAMS 0x00000006d6800000, 0x00000006d6800000| Untracked 
|1454|0x00000006d7000000, 0x00000006d7000000, 0x00000006d7800000|  0%| F|  |TAMS 0x00000006d7000000, 0x00000006d7000000| Untracked 
|1455|0x00000006d7800000, 0x00000006d7800000, 0x00000006d8000000|  0%| F|  |TAMS 0x00000006d7800000, 0x00000006d7800000| Untracked 
|1456|0x00000006d8000000, 0x00000006d8000000, 0x00000006d8800000|  0%| F|  |TAMS 0x00000006d8000000, 0x00000006d8000000| Untracked 
|1457|0x00000006d8800000, 0x00000006d8800000, 0x00000006d9000000|  0%| F|  |TAMS 0x00000006d8800000, 0x00000006d8800000| Untracked 
|1458|0x00000006d9000000, 0x00000006d9000000, 0x00000006d9800000|  0%| F|  |TAMS 0x00000006d9000000, 0x00000006d9000000| Untracked 
|1459|0x00000006d9800000, 0x00000006d9800000, 0x00000006da000000|  0%| F|  |TAMS 0x00000006d9800000, 0x00000006d9800000| Untracked 
|1460|0x00000006da000000, 0x00000006da000000, 0x00000006da800000|  0%| F|  |TAMS 0x00000006da000000, 0x00000006da000000| Untracked 
|1461|0x00000006da800000, 0x00000006da800000, 0x00000006db000000|  0%| F|  |TAMS 0x00000006da800000, 0x00000006da800000| Untracked 
|1462|0x00000006db000000, 0x00000006db000000, 0x00000006db800000|  0%| F|  |TAMS 0x00000006db000000, 0x00000006db000000| Untracked 
|1463|0x00000006db800000, 0x00000006db800000, 0x00000006dc000000|  0%| F|  |TAMS 0x00000006db800000, 0x00000006db800000| Untracked 
|1464|0x00000006dc000000, 0x00000006dc000000, 0x00000006dc800000|  0%| F|  |TAMS 0x00000006dc000000, 0x00000006dc000000| Untracked 
|1465|0x00000006dc800000, 0x00000006dc800000, 0x00000006dd000000|  0%| F|  |TAMS 0x00000006dc800000, 0x00000006dc800000| Untracked 
|1466|0x00000006dd000000, 0x00000006dd000000, 0x00000006dd800000|  0%| F|  |TAMS 0x00000006dd000000, 0x00000006dd000000| Untracked 
|1467|0x00000006dd800000, 0x00000006dd800000, 0x00000006de000000|  0%| F|  |TAMS 0x00000006dd800000, 0x00000006dd800000| Untracked 
|1468|0x00000006de000000, 0x00000006de000000, 0x00000006de800000|  0%| F|  |TAMS 0x00000006de000000, 0x00000006de000000| Untracked 
|1469|0x00000006de800000, 0x00000006de800000, 0x00000006df000000|  0%| F|  |TAMS 0x00000006de800000, 0x00000006de800000| Untracked 
|1470|0x00000006df000000, 0x00000006df000000, 0x00000006df800000|  0%| F|  |TAMS 0x00000006df000000, 0x00000006df000000| Untracked 
|1471|0x00000006df800000, 0x00000006df800000, 0x00000006e0000000|  0%| F|  |TAMS 0x00000006df800000, 0x00000006df800000| Untracked 
|1472|0x00000006e0000000, 0x00000006e0000000, 0x00000006e0800000|  0%| F|  |TAMS 0x00000006e0000000, 0x00000006e0000000| Untracked 
|1473|0x00000006e0800000, 0x00000006e0800000, 0x00000006e1000000|  0%| F|  |TAMS 0x00000006e0800000, 0x00000006e0800000| Untracked 
|1474|0x00000006e1000000, 0x00000006e1000000, 0x00000006e1800000|  0%| F|  |TAMS 0x00000006e1000000, 0x00000006e1000000| Untracked 
|1475|0x00000006e1800000, 0x00000006e1800000, 0x00000006e2000000|  0%| F|  |TAMS 0x00000006e1800000, 0x00000006e1800000| Untracked 
|1476|0x00000006e2000000, 0x00000006e2000000, 0x00000006e2800000|  0%| F|  |TAMS 0x00000006e2000000, 0x00000006e2000000| Untracked 
|1477|0x00000006e2800000, 0x00000006e2800000, 0x00000006e3000000|  0%| F|  |TAMS 0x00000006e2800000, 0x00000006e2800000| Untracked 
|1478|0x00000006e3000000, 0x00000006e3000000, 0x00000006e3800000|  0%| F|  |TAMS 0x00000006e3000000, 0x00000006e3000000| Untracked 
|1479|0x00000006e3800000, 0x00000006e3800000, 0x00000006e4000000|  0%| F|  |TAMS 0x00000006e3800000, 0x00000006e3800000| Untracked 
|1480|0x00000006e4000000, 0x00000006e4000000, 0x00000006e4800000|  0%| F|  |TAMS 0x00000006e4000000, 0x00000006e4000000| Untracked 
|1481|0x00000006e4800000, 0x00000006e4800000, 0x00000006e5000000|  0%| F|  |TAMS 0x00000006e4800000, 0x00000006e4800000| Untracked 
|1482|0x00000006e5000000, 0x00000006e5000000, 0x00000006e5800000|  0%| F|  |TAMS 0x00000006e5000000, 0x00000006e5000000| Untracked 
|1483|0x00000006e5800000, 0x00000006e5800000, 0x00000006e6000000|  0%| F|  |TAMS 0x00000006e5800000, 0x00000006e5800000| Untracked 
|1484|0x00000006e6000000, 0x00000006e6000000, 0x00000006e6800000|  0%| F|  |TAMS 0x00000006e6000000, 0x00000006e6000000| Untracked 
|1485|0x00000006e6800000, 0x00000006e6800000, 0x00000006e7000000|  0%| F|  |TAMS 0x00000006e6800000, 0x00000006e6800000| Untracked 
|1486|0x00000006e7000000, 0x00000006e7000000, 0x00000006e7800000|  0%| F|  |TAMS 0x00000006e7000000, 0x00000006e7000000| Untracked 
|1487|0x00000006e7800000, 0x00000006e7800000, 0x00000006e8000000|  0%| F|  |TAMS 0x00000006e7800000, 0x00000006e7800000| Untracked 
|1488|0x00000006e8000000, 0x00000006e8000000, 0x00000006e8800000|  0%| F|  |TAMS 0x00000006e8000000, 0x00000006e8000000| Untracked 
|1489|0x00000006e8800000, 0x00000006e8800000, 0x00000006e9000000|  0%| F|  |TAMS 0x00000006e8800000, 0x00000006e8800000| Untracked 
|1490|0x00000006e9000000, 0x00000006e9000000, 0x00000006e9800000|  0%| F|  |TAMS 0x00000006e9000000, 0x00000006e9000000| Untracked 
|1491|0x00000006e9800000, 0x00000006e9800000, 0x00000006ea000000|  0%| F|  |TAMS 0x00000006e9800000, 0x00000006e9800000| Untracked 
|1492|0x00000006ea000000, 0x00000006ea000000, 0x00000006ea800000|  0%| F|  |TAMS 0x00000006ea000000, 0x00000006ea000000| Untracked 
|1493|0x00000006ea800000, 0x00000006ea800000, 0x00000006eb000000|  0%| F|  |TAMS 0x00000006ea800000, 0x00000006ea800000| Untracked 
|1494|0x00000006eb000000, 0x00000006eb000000, 0x00000006eb800000|  0%| F|  |TAMS 0x00000006eb000000, 0x00000006eb000000| Untracked 
|1495|0x00000006eb800000, 0x00000006eb800000, 0x00000006ec000000|  0%| F|  |TAMS 0x00000006eb800000, 0x00000006eb800000| Untracked 
|1496|0x00000006ec000000, 0x00000006ec000000, 0x00000006ec800000|  0%| F|  |TAMS 0x00000006ec000000, 0x00000006ec000000| Untracked 
|1497|0x00000006ec800000, 0x00000006ec800000, 0x00000006ed000000|  0%| F|  |TAMS 0x00000006ec800000, 0x00000006ec800000| Untracked 
|1498|0x00000006ed000000, 0x00000006ed000000, 0x00000006ed800000|  0%| F|  |TAMS 0x00000006ed000000, 0x00000006ed000000| Untracked 
|1499|0x00000006ed800000, 0x00000006ed800000, 0x00000006ee000000|  0%| F|  |TAMS 0x00000006ed800000, 0x00000006ed800000| Untracked 
|1500|0x00000006ee000000, 0x00000006ee000000, 0x00000006ee800000|  0%| F|  |TAMS 0x00000006ee000000, 0x00000006ee000000| Untracked 
|1501|0x00000006ee800000, 0x00000006ee800000, 0x00000006ef000000|  0%| F|  |TAMS 0x00000006ee800000, 0x00000006ee800000| Untracked 
|1502|0x00000006ef000000, 0x00000006ef000000, 0x00000006ef800000|  0%| F|  |TAMS 0x00000006ef000000, 0x00000006ef000000| Untracked 
|1503|0x00000006ef800000, 0x00000006ef800000, 0x00000006f0000000|  0%| F|  |TAMS 0x00000006ef800000, 0x00000006ef800000| Untracked 
|1504|0x00000006f0000000, 0x00000006f0000000, 0x00000006f0800000|  0%| F|  |TAMS 0x00000006f0000000, 0x00000006f0000000| Untracked 
|1505|0x00000006f0800000, 0x00000006f0e80650, 0x00000006f1000000| 81%| S|CS|TAMS 0x00000006f0800000, 0x00000006f0800000| Complete 
|1506|0x00000006f1000000, 0x00000006f1800000, 0x00000006f1800000|100%| S|CS|TAMS 0x00000006f1000000, 0x00000006f1000000| Complete 
|1507|0x00000006f1800000, 0x00000006f2000000, 0x00000006f2000000|100%| S|CS|TAMS 0x00000006f1800000, 0x00000006f1800000| Complete 
|1508|0x00000006f2000000, 0x00000006f2800000, 0x00000006f2800000|100%| S|CS|TAMS 0x00000006f2000000, 0x00000006f2000000| Complete 
|1509|0x00000006f2800000, 0x00000006f3000000, 0x00000006f3000000|100%| S|CS|TAMS 0x00000006f2800000, 0x00000006f2800000| Complete 
|1510|0x00000006f3000000, 0x00000006f3800000, 0x00000006f3800000|100%| S|CS|TAMS 0x00000006f3000000, 0x00000006f3000000| Complete 
|1511|0x00000006f3800000, 0x00000006f3800000, 0x00000006f4000000|  0%| F|  |TAMS 0x00000006f3800000, 0x00000006f3800000| Untracked 
|1512|0x00000006f4000000, 0x00000006f4000000, 0x00000006f4800000|  0%| F|  |TAMS 0x00000006f4000000, 0x00000006f4000000| Untracked 
|1513|0x00000006f4800000, 0x00000006f4800000, 0x00000006f5000000|  0%| F|  |TAMS 0x00000006f4800000, 0x00000006f4800000| Untracked 
|1514|0x00000006f5000000, 0x00000006f5000000, 0x00000006f5800000|  0%| F|  |TAMS 0x00000006f5000000, 0x00000006f5000000| Untracked 
|1515|0x00000006f5800000, 0x00000006f5800000, 0x00000006f6000000|  0%| F|  |TAMS 0x00000006f5800000, 0x00000006f5800000| Untracked 
|1516|0x00000006f6000000, 0x00000006f6000000, 0x00000006f6800000|  0%| F|  |TAMS 0x00000006f6000000, 0x00000006f6000000| Untracked 
|1517|0x00000006f6800000, 0x00000006f6800000, 0x00000006f7000000|  0%| F|  |TAMS 0x00000006f6800000, 0x00000006f6800000| Untracked 
|1518|0x00000006f7000000, 0x00000006f7000000, 0x00000006f7800000|  0%| F|  |TAMS 0x00000006f7000000, 0x00000006f7000000| Untracked 
|1519|0x00000006f7800000, 0x00000006f7800000, 0x00000006f8000000|  0%| F|  |TAMS 0x00000006f7800000, 0x00000006f7800000| Untracked 
|1520|0x00000006f8000000, 0x00000006f8000000, 0x00000006f8800000|  0%| F|  |TAMS 0x00000006f8000000, 0x00000006f8000000| Untracked 
|1521|0x00000006f8800000, 0x00000006f8800000, 0x00000006f9000000|  0%| F|  |TAMS 0x00000006f8800000, 0x00000006f8800000| Untracked 
|1522|0x00000006f9000000, 0x00000006f9000000, 0x00000006f9800000|  0%| F|  |TAMS 0x00000006f9000000, 0x00000006f9000000| Untracked 
|1523|0x00000006f9800000, 0x00000006f9800000, 0x00000006fa000000|  0%| F|  |TAMS 0x00000006f9800000, 0x00000006f9800000| Untracked 
|1524|0x00000006fa000000, 0x00000006fa000000, 0x00000006fa800000|  0%| F|  |TAMS 0x00000006fa000000, 0x00000006fa000000| Untracked 
|1525|0x00000006fa800000, 0x00000006fa800000, 0x00000006fb000000|  0%| F|  |TAMS 0x00000006fa800000, 0x00000006fa800000| Untracked 
|1526|0x00000006fb000000, 0x00000006fb000000, 0x00000006fb800000|  0%| F|  |TAMS 0x00000006fb000000, 0x00000006fb000000| Untracked 
|1527|0x00000006fb800000, 0x00000006fb800000, 0x00000006fc000000|  0%| F|  |TAMS 0x00000006fb800000, 0x00000006fb800000| Untracked 
|1528|0x00000006fc000000, 0x00000006fc000000, 0x00000006fc800000|  0%| F|  |TAMS 0x00000006fc000000, 0x00000006fc000000| Untracked 
|1529|0x00000006fc800000, 0x00000006fc800000, 0x00000006fd000000|  0%| F|  |TAMS 0x00000006fc800000, 0x00000006fc800000| Untracked 
|1530|0x00000006fd000000, 0x00000006fd000000, 0x00000006fd800000|  0%| F|  |TAMS 0x00000006fd000000, 0x00000006fd000000| Untracked 
|1531|0x00000006fd800000, 0x00000006fd800000, 0x00000006fe000000|  0%| F|  |TAMS 0x00000006fd800000, 0x00000006fd800000| Untracked 
|1532|0x00000006fe000000, 0x00000006fe000000, 0x00000006fe800000|  0%| F|  |TAMS 0x00000006fe000000, 0x00000006fe000000| Untracked 
|1533|0x00000006fe800000, 0x00000006fe800000, 0x00000006ff000000|  0%| F|  |TAMS 0x00000006fe800000, 0x00000006fe800000| Untracked 
|1534|0x00000006ff000000, 0x00000006ff000000, 0x00000006ff800000|  0%| F|  |TAMS 0x00000006ff000000, 0x00000006ff000000| Untracked 
|1535|0x00000006ff800000, 0x00000006ff800000, 0x0000000700000000|  0%| F|  |TAMS 0x00000006ff800000, 0x00000006ff800000| Untracked 
|1536|0x0000000700000000, 0x0000000700000000, 0x0000000700800000|  0%| F|  |TAMS 0x0000000700000000, 0x0000000700000000| Untracked 
|1537|0x0000000700800000, 0x0000000700800000, 0x0000000701000000|  0%| F|  |TAMS 0x0000000700800000, 0x0000000700800000| Untracked 
|1538|0x0000000701000000, 0x0000000701000000, 0x0000000701800000|  0%| F|  |TAMS 0x0000000701000000, 0x0000000701000000| Untracked 
|1539|0x0000000701800000, 0x0000000701800000, 0x0000000702000000|  0%| F|  |TAMS 0x0000000701800000, 0x0000000701800000| Untracked 
|1540|0x0000000702000000, 0x0000000702000000, 0x0000000702800000|  0%| F|  |TAMS 0x0000000702000000, 0x0000000702000000| Untracked 
|1541|0x0000000702800000, 0x0000000702800000, 0x0000000703000000|  0%| F|  |TAMS 0x0000000702800000, 0x0000000702800000| Untracked 
|1542|0x0000000703000000, 0x0000000703000000, 0x0000000703800000|  0%| F|  |TAMS 0x0000000703000000, 0x0000000703000000| Untracked 
|1543|0x0000000703800000, 0x0000000703800000, 0x0000000704000000|  0%| F|  |TAMS 0x0000000703800000, 0x0000000703800000| Untracked 
|1544|0x0000000704000000, 0x0000000704000000, 0x0000000704800000|  0%| F|  |TAMS 0x0000000704000000, 0x0000000704000000| Untracked 
|1545|0x0000000704800000, 0x0000000704800000, 0x0000000705000000|  0%| F|  |TAMS 0x0000000704800000, 0x0000000704800000| Untracked 
|1546|0x0000000705000000, 0x0000000705000000, 0x0000000705800000|  0%| F|  |TAMS 0x0000000705000000, 0x0000000705000000| Untracked 
|1547|0x0000000705800000, 0x0000000705800000, 0x0000000706000000|  0%| F|  |TAMS 0x0000000705800000, 0x0000000705800000| Untracked 
|1548|0x0000000706000000, 0x0000000706000000, 0x0000000706800000|  0%| F|  |TAMS 0x0000000706000000, 0x0000000706000000| Untracked 
|1549|0x0000000706800000, 0x0000000706800000, 0x0000000707000000|  0%| F|  |TAMS 0x0000000706800000, 0x0000000706800000| Untracked 
|1550|0x0000000707000000, 0x0000000707000000, 0x0000000707800000|  0%| F|  |TAMS 0x0000000707000000, 0x0000000707000000| Untracked 
|1551|0x0000000707800000, 0x0000000707800000, 0x0000000708000000|  0%| F|  |TAMS 0x0000000707800000, 0x0000000707800000| Untracked 
|1552|0x0000000708000000, 0x0000000708000000, 0x0000000708800000|  0%| F|  |TAMS 0x0000000708000000, 0x0000000708000000| Untracked 
|1553|0x0000000708800000, 0x0000000708800000, 0x0000000709000000|  0%| F|  |TAMS 0x0000000708800000, 0x0000000708800000| Untracked 
|1554|0x0000000709000000, 0x0000000709000000, 0x0000000709800000|  0%| F|  |TAMS 0x0000000709000000, 0x0000000709000000| Untracked 
|1555|0x0000000709800000, 0x0000000709800000, 0x000000070a000000|  0%| F|  |TAMS 0x0000000709800000, 0x0000000709800000| Untracked 
|1556|0x000000070a000000, 0x000000070a000000, 0x000000070a800000|  0%| F|  |TAMS 0x000000070a000000, 0x000000070a000000| Untracked 
|1557|0x000000070a800000, 0x000000070a800000, 0x000000070b000000|  0%| F|  |TAMS 0x000000070a800000, 0x000000070a800000| Untracked 
|1558|0x000000070b000000, 0x000000070b000000, 0x000000070b800000|  0%| F|  |TAMS 0x000000070b000000, 0x000000070b000000| Untracked 
|1559|0x000000070b800000, 0x000000070b800000, 0x000000070c000000|  0%| F|  |TAMS 0x000000070b800000, 0x000000070b800000| Untracked 
|1560|0x000000070c000000, 0x000000070c000000, 0x000000070c800000|  0%| F|  |TAMS 0x000000070c000000, 0x000000070c000000| Untracked 
|1561|0x000000070c800000, 0x000000070c800000, 0x000000070d000000|  0%| F|  |TAMS 0x000000070c800000, 0x000000070c800000| Untracked 
|1562|0x000000070d000000, 0x000000070d000000, 0x000000070d800000|  0%| F|  |TAMS 0x000000070d000000, 0x000000070d000000| Untracked 
|1563|0x000000070d800000, 0x000000070d800000, 0x000000070e000000|  0%| F|  |TAMS 0x000000070d800000, 0x000000070d800000| Untracked 
|1564|0x000000070e000000, 0x000000070e000000, 0x000000070e800000|  0%| F|  |TAMS 0x000000070e000000, 0x000000070e000000| Untracked 
|1565|0x000000070e800000, 0x000000070e800000, 0x000000070f000000|  0%| F|  |TAMS 0x000000070e800000, 0x000000070e800000| Untracked 
|1566|0x000000070f000000, 0x000000070f000000, 0x000000070f800000|  0%| F|  |TAMS 0x000000070f000000, 0x000000070f000000| Untracked 
|1567|0x000000070f800000, 0x000000070f800000, 0x0000000710000000|  0%| F|  |TAMS 0x000000070f800000, 0x000000070f800000| Untracked 
|1568|0x0000000710000000, 0x0000000710000000, 0x0000000710800000|  0%| F|  |TAMS 0x0000000710000000, 0x0000000710000000| Untracked 
|1569|0x0000000710800000, 0x0000000710800000, 0x0000000711000000|  0%| F|  |TAMS 0x0000000710800000, 0x0000000710800000| Untracked 
|1570|0x0000000711000000, 0x0000000711000000, 0x0000000711800000|  0%| F|  |TAMS 0x0000000711000000, 0x0000000711000000| Untracked 
|1571|0x0000000711800000, 0x0000000711800000, 0x0000000712000000|  0%| F|  |TAMS 0x0000000711800000, 0x0000000711800000| Untracked 
|1572|0x0000000712000000, 0x0000000712000000, 0x0000000712800000|  0%| F|  |TAMS 0x0000000712000000, 0x0000000712000000| Untracked 
|1573|0x0000000712800000, 0x0000000712800000, 0x0000000713000000|  0%| F|  |TAMS 0x0000000712800000, 0x0000000712800000| Untracked 
|1574|0x0000000713000000, 0x0000000713000000, 0x0000000713800000|  0%| F|  |TAMS 0x0000000713000000, 0x0000000713000000| Untracked 
|1575|0x0000000713800000, 0x0000000713800000, 0x0000000714000000|  0%| F|  |TAMS 0x0000000713800000, 0x0000000713800000| Untracked 
|1576|0x0000000714000000, 0x0000000714000000, 0x0000000714800000|  0%| F|  |TAMS 0x0000000714000000, 0x0000000714000000| Untracked 
|1577|0x0000000714800000, 0x0000000714800000, 0x0000000715000000|  0%| F|  |TAMS 0x0000000714800000, 0x0000000714800000| Untracked 
|1578|0x0000000715000000, 0x0000000715000000, 0x0000000715800000|  0%| F|  |TAMS 0x0000000715000000, 0x0000000715000000| Untracked 
|1579|0x0000000715800000, 0x0000000715800000, 0x0000000716000000|  0%| F|  |TAMS 0x0000000715800000, 0x0000000715800000| Untracked 
|1580|0x0000000716000000, 0x0000000716000000, 0x0000000716800000|  0%| F|  |TAMS 0x0000000716000000, 0x0000000716000000| Untracked 
|1581|0x0000000716800000, 0x0000000716800000, 0x0000000717000000|  0%| F|  |TAMS 0x0000000716800000, 0x0000000716800000| Untracked 
|1582|0x0000000717000000, 0x0000000717000000, 0x0000000717800000|  0%| F|  |TAMS 0x0000000717000000, 0x0000000717000000| Untracked 
|1583|0x0000000717800000, 0x0000000717800000, 0x0000000718000000|  0%| F|  |TAMS 0x0000000717800000, 0x0000000717800000| Untracked 
|1584|0x0000000718000000, 0x0000000718000000, 0x0000000718800000|  0%| F|  |TAMS 0x0000000718000000, 0x0000000718000000| Untracked 
|1585|0x0000000718800000, 0x0000000718800000, 0x0000000719000000|  0%| F|  |TAMS 0x0000000718800000, 0x0000000718800000| Untracked 
|1586|0x0000000719000000, 0x0000000719000000, 0x0000000719800000|  0%| F|  |TAMS 0x0000000719000000, 0x0000000719000000| Untracked 
|1587|0x0000000719800000, 0x0000000719800000, 0x000000071a000000|  0%| F|  |TAMS 0x0000000719800000, 0x0000000719800000| Untracked 
|1588|0x000000071a000000, 0x000000071a000000, 0x000000071a800000|  0%| F|  |TAMS 0x000000071a000000, 0x000000071a000000| Untracked 
|1589|0x000000071a800000, 0x000000071a800000, 0x000000071b000000|  0%| F|  |TAMS 0x000000071a800000, 0x000000071a800000| Untracked 
|1590|0x000000071b000000, 0x000000071b000000, 0x000000071b800000|  0%| F|  |TAMS 0x000000071b000000, 0x000000071b000000| Untracked 
|1591|0x000000071b800000, 0x000000071b800000, 0x000000071c000000|  0%| F|  |TAMS 0x000000071b800000, 0x000000071b800000| Untracked 
|1592|0x000000071c000000, 0x000000071c000000, 0x000000071c800000|  0%| F|  |TAMS 0x000000071c000000, 0x000000071c000000| Untracked 
|1593|0x000000071c800000, 0x000000071c800000, 0x000000071d000000|  0%| F|  |TAMS 0x000000071c800000, 0x000000071c800000| Untracked 
|1594|0x000000071d000000, 0x000000071d000000, 0x000000071d800000|  0%| F|  |TAMS 0x000000071d000000, 0x000000071d000000| Untracked 
|1595|0x000000071d800000, 0x000000071d800000, 0x000000071e000000|  0%| F|  |TAMS 0x000000071d800000, 0x000000071d800000| Untracked 
|1596|0x000000071e000000, 0x000000071e000000, 0x000000071e800000|  0%| F|  |TAMS 0x000000071e000000, 0x000000071e000000| Untracked 
|1597|0x000000071e800000, 0x000000071e800000, 0x000000071f000000|  0%| F|  |TAMS 0x000000071e800000, 0x000000071e800000| Untracked 
|1598|0x000000071f000000, 0x000000071f000000, 0x000000071f800000|  0%| F|  |TAMS 0x000000071f000000, 0x000000071f000000| Untracked 
|1599|0x000000071f800000, 0x000000071f800000, 0x0000000720000000|  0%| F|  |TAMS 0x000000071f800000, 0x000000071f800000| Untracked 
|1600|0x0000000720000000, 0x0000000720000000, 0x0000000720800000|  0%| F|  |TAMS 0x0000000720000000, 0x0000000720000000| Untracked 
|1601|0x0000000720800000, 0x0000000720800000, 0x0000000721000000|  0%| F|  |TAMS 0x0000000720800000, 0x0000000720800000| Untracked 
|1602|0x0000000721000000, 0x0000000721000000, 0x0000000721800000|  0%| F|  |TAMS 0x0000000721000000, 0x0000000721000000| Untracked 
|1603|0x0000000721800000, 0x0000000721800000, 0x0000000722000000|  0%| F|  |TAMS 0x0000000721800000, 0x0000000721800000| Untracked 
|1604|0x0000000722000000, 0x0000000722000000, 0x0000000722800000|  0%| F|  |TAMS 0x0000000722000000, 0x0000000722000000| Untracked 
|1605|0x0000000722800000, 0x0000000722bc79f8, 0x0000000723000000| 47%| E|  |TAMS 0x0000000722800000, 0x0000000722800000| Complete 
|1606|0x0000000723000000, 0x0000000723800000, 0x0000000723800000|100%| E|CS|TAMS 0x0000000723000000, 0x0000000723000000| Complete 
|1607|0x0000000723800000, 0x0000000724000000, 0x0000000724000000|100%| E|CS|TAMS 0x0000000723800000, 0x0000000723800000| Complete 
|1608|0x0000000724000000, 0x0000000724800000, 0x0000000724800000|100%| E|CS|TAMS 0x0000000724000000, 0x0000000724000000| Complete 
|1609|0x0000000724800000, 0x0000000725000000, 0x0000000725000000|100%| E|CS|TAMS 0x0000000724800000, 0x0000000724800000| Complete 
|1610|0x0000000725000000, 0x0000000725800000, 0x0000000725800000|100%| E|CS|TAMS 0x0000000725000000, 0x0000000725000000| Complete 
|1611|0x0000000725800000, 0x0000000726000000, 0x0000000726000000|100%| E|CS|TAMS 0x0000000725800000, 0x0000000725800000| Complete 
|1612|0x0000000726000000, 0x0000000726800000, 0x0000000726800000|100%| E|CS|TAMS 0x0000000726000000, 0x0000000726000000| Complete 
|1613|0x0000000726800000, 0x0000000727000000, 0x0000000727000000|100%| E|CS|TAMS 0x0000000726800000, 0x0000000726800000| Complete 
|1614|0x0000000727000000, 0x0000000727800000, 0x0000000727800000|100%| E|CS|TAMS 0x0000000727000000, 0x0000000727000000| Complete 
|1615|0x0000000727800000, 0x0000000728000000, 0x0000000728000000|100%| E|CS|TAMS 0x0000000727800000, 0x0000000727800000| Complete 
|1616|0x0000000728000000, 0x0000000728800000, 0x0000000728800000|100%| E|CS|TAMS 0x0000000728000000, 0x0000000728000000| Complete 
|1617|0x0000000728800000, 0x0000000729000000, 0x0000000729000000|100%| E|CS|TAMS 0x0000000728800000, 0x0000000728800000| Complete 
|1618|0x0000000729000000, 0x0000000729800000, 0x0000000729800000|100%| E|CS|TAMS 0x0000000729000000, 0x0000000729000000| Complete 
|1619|0x0000000729800000, 0x000000072a000000, 0x000000072a000000|100%| E|CS|TAMS 0x0000000729800000, 0x0000000729800000| Complete 
|1620|0x000000072a000000, 0x000000072a800000, 0x000000072a800000|100%| E|CS|TAMS 0x000000072a000000, 0x000000072a000000| Complete 
|1621|0x000000072a800000, 0x000000072b000000, 0x000000072b000000|100%| E|  |TAMS 0x000000072a800000, 0x000000072a800000| Complete 
|1622|0x000000072b000000, 0x000000072b800000, 0x000000072b800000|100%| E|CS|TAMS 0x000000072b000000, 0x000000072b000000| Complete 
|1623|0x000000072b800000, 0x000000072c000000, 0x000000072c000000|100%| E|CS|TAMS 0x000000072b800000, 0x000000072b800000| Complete 
|1624|0x000000072c000000, 0x000000072c800000, 0x000000072c800000|100%| E|CS|TAMS 0x000000072c000000, 0x000000072c000000| Complete 
|1625|0x000000072c800000, 0x000000072d000000, 0x000000072d000000|100%| E|CS|TAMS 0x000000072c800000, 0x000000072c800000| Complete 
|1626|0x000000072d000000, 0x000000072d800000, 0x000000072d800000|100%| E|CS|TAMS 0x000000072d000000, 0x000000072d000000| Complete 
|1627|0x000000072d800000, 0x000000072e000000, 0x000000072e000000|100%| E|CS|TAMS 0x000000072d800000, 0x000000072d800000| Complete 
|1628|0x000000072e000000, 0x000000072e800000, 0x000000072e800000|100%| E|CS|TAMS 0x000000072e000000, 0x000000072e000000| Complete 
|1629|0x000000072e800000, 0x000000072f000000, 0x000000072f000000|100%| E|CS|TAMS 0x000000072e800000, 0x000000072e800000| Complete 
|1630|0x000000072f000000, 0x000000072f800000, 0x000000072f800000|100%| E|CS|TAMS 0x000000072f000000, 0x000000072f000000| Complete 
|1631|0x000000072f800000, 0x0000000730000000, 0x0000000730000000|100%| E|CS|TAMS 0x000000072f800000, 0x000000072f800000| Complete 
|1632|0x0000000730000000, 0x0000000730800000, 0x0000000730800000|100%| E|CS|TAMS 0x0000000730000000, 0x0000000730000000| Complete 
|1633|0x0000000730800000, 0x0000000731000000, 0x0000000731000000|100%| E|CS|TAMS 0x0000000730800000, 0x0000000730800000| Complete 
|1634|0x0000000731000000, 0x0000000731800000, 0x0000000731800000|100%| E|CS|TAMS 0x0000000731000000, 0x0000000731000000| Complete 
|1635|0x0000000731800000, 0x0000000732000000, 0x0000000732000000|100%| E|CS|TAMS 0x0000000731800000, 0x0000000731800000| Complete 
|1636|0x0000000732000000, 0x0000000732800000, 0x0000000732800000|100%| E|CS|TAMS 0x0000000732000000, 0x0000000732000000| Complete 
|1637|0x0000000732800000, 0x0000000733000000, 0x0000000733000000|100%| E|CS|TAMS 0x0000000732800000, 0x0000000732800000| Complete 
|1638|0x0000000733000000, 0x0000000733800000, 0x0000000733800000|100%| E|CS|TAMS 0x0000000733000000, 0x0000000733000000| Complete 
|1639|0x0000000733800000, 0x0000000734000000, 0x0000000734000000|100%| E|CS|TAMS 0x0000000733800000, 0x0000000733800000| Complete 
|1640|0x0000000734000000, 0x0000000734800000, 0x0000000734800000|100%| E|CS|TAMS 0x0000000734000000, 0x0000000734000000| Complete 
|1641|0x0000000734800000, 0x0000000735000000, 0x0000000735000000|100%| E|CS|TAMS 0x0000000734800000, 0x0000000734800000| Complete 
|1642|0x0000000735000000, 0x0000000735800000, 0x0000000735800000|100%| E|CS|TAMS 0x0000000735000000, 0x0000000735000000| Complete 
|1643|0x0000000735800000, 0x0000000736000000, 0x0000000736000000|100%| E|CS|TAMS 0x0000000735800000, 0x0000000735800000| Complete 
|1644|0x0000000736000000, 0x0000000736800000, 0x0000000736800000|100%| E|CS|TAMS 0x0000000736000000, 0x0000000736000000| Complete 
|2046|0x00000007ff000000, 0x00000007ff800000, 0x00000007ff800000|100%| O|  |TAMS 0x00000007ff800000, 0x00000007ff000000| Untracked 
|2047|0x00000007ff800000, 0x0000000800000000, 0x0000000800000000|100%| E|CS|TAMS 0x00000007ff800000, 0x00000007ff800000| Complete 

Card table byte_map: [0x0000019243340000,0x0000019245340000] _byte_map_base: 0x0000019241340000

Marking Bits (Prev, Next): (CMBitMap*) 0x000001926738a240, (CMBitMap*) 0x000001926738a200
 Prev Bits: [0x0000019257340000, 0x0000019267340000)
 Next Bits: [0x0000019247340000, 0x0000019257340000)

Polling page: 0x0000019228050000

Metaspace:

Usage:
  Non-class:    112.39 MB used.
      Class:     16.85 MB used.
       Both:    129.24 MB used.

Virtual space:
  Non-class space:      128.00 MB reserved,     113.31 MB ( 89%) committed,  2 nodes.
      Class space:        1.00 GB reserved,      17.56 MB (  2%) committed,  1 nodes.
             Both:        1.12 GB reserved,     130.88 MB ( 11%) committed. 

Chunk freelists:
   Non-Class:  14.59 MB
       Class:  14.29 MB
        Both:  28.88 MB

MaxMetaspaceSize: unlimited
CompressedClassSpaceSize: 1.00 GB
Initial GC threshold: 21.00 MB
Current GC threshold: 189.81 MB
CDS: on
MetaspaceReclaimPolicy: balanced
 - commit_granule_bytes: 65536.
 - commit_granule_words: 8192.
 - virtual_space_node_default_size: 8388608.
 - enlarge_chunks_in_place: 1.
 - new_chunks_are_fully_committed: 0.
 - uncommit_free_chunks: 1.
 - use_allocation_guard: 0.
 - handle_deallocations: 1.


Internal statistics:

num_allocs_failed_limit: 18.
num_arena_births: 2770.
num_arena_deaths: 330.
num_vsnodes_births: 3.
num_vsnodes_deaths: 0.
num_space_committed: 2091.
num_space_uncommitted: 0.
num_chunks_returned_to_freelist: 499.
num_chunks_taken_from_freelist: 8626.
num_chunk_merges: 170.
num_chunk_splits: 5586.
num_chunks_enlarged: 3599.
num_inconsistent_stats: 0.

CodeHeap 'non-profiled nmethods': size=119168Kb used=16427Kb max_used=16441Kb free=102740Kb
 bounds [0x0000019238f00000, 0x0000019239f10000, 0x0000019240360000]
CodeHeap 'profiled nmethods': size=119104Kb used=35380Kb max_used=35739Kb free=83723Kb
 bounds [0x0000019231360000, 0x0000019233660000, 0x00000192387b0000]
CodeHeap 'non-nmethods': size=7488Kb used=1638Kb max_used=3390Kb free=5849Kb
 bounds [0x00000192387b0000, 0x0000019238b10000, 0x0000019238f00000]
 total_blobs=21123 nmethods=20102 adapters=929
 compilation: enabled
              stopped_count=0, restarted_count=0
 full_count=0

Compilation events (20 events):
Event: 3063.964 Thread 0x00000192b61afe70 nmethod 24765 0x0000019232eec910 code [0x0000019232eecac0, 0x0000019232eeccf8]
Event: 3063.964 Thread 0x00000192b61afe70 24767       3       org.apache.spark.executor.ExecutorMetricsPoller$$Lambda$3796/0x000001926cf46000::<init> (10 bytes)
Event: 3063.964 Thread 0x00000192b61afe70 nmethod 24767 0x0000019232eec510 code [0x0000019232eec6a0, 0x0000019232eec858]
Event: 3063.965 Thread 0x00000192b61af920 nmethod 24757 0x0000019231be3390 code [0x0000019231be36a0, 0x0000019231be4b08]
Event: 3063.965 Thread 0x000001926a491dd0 nmethod 24766 0x0000019232eeb810 code [0x0000019232eeba40, 0x0000019232eec228]
Event: 3063.971 Thread 0x00000192b61ae3e0 nmethod 24764 0x0000019231be1290 code [0x0000019231be15e0, 0x0000019231be2c98]
Event: 3063.972 Thread 0x000001926a48f400 24768       4       java.util.HashMap$HashMapSpliterator::estimateSize (11 bytes)
Event: 3063.974 Thread 0x000001926a48f400 nmethod 24768 0x0000019239a9e710 code [0x0000019239a9e880, 0x0000019239a9e958]
Event: 3144.899 Thread 0x000001926a491dd0 24769       3       io.netty.util.concurrent.AbstractScheduledEventExecutor::defaultCurrentTimeNanos (8 bytes)
Event: 3144.900 Thread 0x000001926a491dd0 nmethod 24769 0x0000019232eeb490 code [0x0000019232eeb620, 0x0000019232eeb738]
Event: 3155.206 Thread 0x000001926a48f400 24770       4       java.util.concurrent.ConcurrentSkipListMap::findPredecessor (113 bytes)
Event: 3155.227 Thread 0x000001926a48f400 nmethod 24770 0x0000019239a9dd90 code [0x0000019239a9df20, 0x0000019239a9e3b8]
Event: 3188.171 Thread 0x000001926a491dd0 24771       3       org.apache.spark.status.AppStatusListener$$Lambda$3814/0x000001926cf4a200::<init> (26 bytes)
Event: 3188.171 Thread 0x000001926a491dd0 nmethod 24771 0x0000019232eeaf90 code [0x0000019232eeb140, 0x0000019232eeb3d8]
Event: 3205.210 Thread 0x000001926a48f400 24772       4       com.sun.jmx.mbeanserver.DefaultMXBeanMappingFactory$IdentityMapping::toNonNullOpenValue (2 bytes)
Event: 3205.211 Thread 0x000001926a48f400 nmethod 24772 0x0000019239a9da90 code [0x0000019239a9dc00, 0x0000019239a9dc78]
Event: 3245.232 Thread 0x000001926a48f400 24773       4       java.lang.StringConcatHelper::prepend (22 bytes)
Event: 3245.248 Thread 0x000001926a48f400 nmethod 24773 0x0000019239a9d390 code [0x0000019239a9d520, 0x0000019239a9d7b8]
Event: 3255.213 Thread 0x000001926a491dd0 24774       3       scala.concurrent.duration.Duration$::apply (10 bytes)
Event: 3255.221 Thread 0x000001926a491dd0 nmethod 24774 0x0000019231be0e10 code [0x0000019231be0fc0, 0x0000019231be1168]

GC Heap History (20 events):
Event: 62.335 GC heap before
{Heap before GC invocations=57 (full 0):
 garbage-first heap   total 9256960K, used 3380283K [0x0000000400000000, 0x0000000800000000)
  region size 8192K, 56 young (458752K), 7 survivors (57344K)
 Metaspace       used 118604K, committed 120128K, reserved 1179648K
  class space    used 15629K, committed 16320K, reserved 1048576K
}
Event: 62.369 GC heap after
{Heap after GC invocations=58 (full 0):
 garbage-first heap   total 12140544K, used 3076436K [0x0000000400000000, 0x0000000800000000)
  region size 8192K, 7 young (57344K), 7 survivors (57344K)
 Metaspace       used 118604K, committed 120128K, reserved 1179648K
  class space    used 15629K, committed 16320K, reserved 1048576K
}
Event: 65.091 GC heap before
{Heap before GC invocations=58 (full 0):
 garbage-first heap   total 12140544K, used 3641684K [0x0000000400000000, 0x0000000800000000)
  region size 8192K, 74 young (606208K), 7 survivors (57344K)
 Metaspace       used 118731K, committed 120256K, reserved 1179648K
  class space    used 15632K, committed 16320K, reserved 1048576K
}
Event: 65.114 GC heap after
{Heap after GC invocations=59 (full 0):
 garbage-first heap   total 12140544K, used 3077017K [0x0000000400000000, 0x0000000800000000)
  region size 8192K, 2 young (16384K), 2 survivors (16384K)
 Metaspace       used 118731K, committed 120256K, reserved 1179648K
  class space    used 15632K, committed 16320K, reserved 1048576K
}
Event: 72.763 GC heap before
{Heap before GC invocations=59 (full 0):
 garbage-first heap   total 12140544K, used 3838873K [0x0000000400000000, 0x0000000800000000)
  region size 8192K, 95 young (778240K), 2 survivors (16384K)
 Metaspace       used 118885K, committed 120384K, reserved 1179648K
  class space    used 15644K, committed 16320K, reserved 1048576K
}
Event: 72.769 GC heap after
{Heap after GC invocations=60 (full 0):
 garbage-first heap   total 12140544K, used 3086531K [0x0000000400000000, 0x0000000800000000)
  region size 8192K, 3 young (24576K), 3 survivors (24576K)
 Metaspace       used 118885K, committed 120384K, reserved 1179648K
  class space    used 15644K, committed 16320K, reserved 1048576K
}
Event: 80.879 GC heap before
{Heap before GC invocations=60 (full 0):
 garbage-first heap   total 12140544K, used 4307139K [0x0000000400000000, 0x0000000800000000)
  region size 8192K, 141 young (1155072K), 3 survivors (24576K)
 Metaspace       used 131547K, committed 133120K, reserved 1179648K
  class space    used 17239K, committed 17920K, reserved 1048576K
}
Event: 80.969 GC heap after
{Heap after GC invocations=61 (full 0):
 garbage-first heap   total 12140544K, used 3226414K [0x0000000400000000, 0x0000000800000000)
  region size 8192K, 18 young (147456K), 18 survivors (147456K)
 Metaspace       used 131547K, committed 133120K, reserved 1179648K
  class space    used 17239K, committed 17920K, reserved 1048576K
}
Event: 82.079 GC heap before
{Heap before GC invocations=61 (full 0):
 garbage-first heap   total 12140544K, used 3971886K [0x0000000400000000, 0x0000000800000000)
  region size 8192K, 106 young (868352K), 18 survivors (147456K)
 Metaspace       used 131561K, committed 133184K, reserved 1179648K
  class space    used 17239K, committed 17920K, reserved 1048576K
}
Event: 82.477 GC heap after
{Heap after GC invocations=62 (full 0):
 garbage-first heap   total 12140544K, used 3517816K [0x0000000400000000, 0x0000000800000000)
  region size 8192K, 14 young (114688K), 14 survivors (114688K)
 Metaspace       used 131561K, committed 133184K, reserved 1179648K
  class space    used 17239K, committed 17920K, reserved 1048576K
}
Event: 82.879 GC heap before
{Heap before GC invocations=62 (full 0):
 garbage-first heap   total 12140544K, used 4033912K [0x0000000400000000, 0x0000000800000000)
  region size 8192K, 74 young (606208K), 14 survivors (114688K)
 Metaspace       used 131563K, committed 133184K, reserved 1179648K
  class space    used 17239K, committed 17920K, reserved 1048576K
}
Event: 83.069 GC heap after
{Heap after GC invocations=63 (full 0):
 garbage-first heap   total 12140544K, used 3755370K [0x0000000400000000, 0x0000000800000000)
  region size 8192K, 10 young (81920K), 10 survivors (81920K)
 Metaspace       used 131563K, committed 133184K, reserved 1179648K
  class space    used 17239K, committed 17920K, reserved 1048576K
}
Event: 83.631 GC heap before
{Heap before GC invocations=63 (full 0):
 garbage-first heap   total 12140544K, used 4337002K [0x0000000400000000, 0x0000000800000000)
  region size 8192K, 74 young (606208K), 10 survivors (81920K)
 Metaspace       used 131599K, committed 133184K, reserved 1179648K
  class space    used 17239K, committed 17920K, reserved 1048576K
}
Event: 83.797 GC heap after
{Heap after GC invocations=64 (full 0):
 garbage-first heap   total 12140544K, used 4022272K [0x0000000400000000, 0x0000000800000000)
  region size 8192K, 10 young (81920K), 10 survivors (81920K)
 Metaspace       used 131599K, committed 133184K, reserved 1179648K
  class space    used 17239K, committed 17920K, reserved 1048576K
}
Event: 84.258 GC heap before
{Heap before GC invocations=64 (full 0):
 garbage-first heap   total 12140544K, used 4571136K [0x0000000400000000, 0x0000000800000000)
  region size 8192K, 74 young (606208K), 10 survivors (81920K)
 Metaspace       used 131634K, committed 133248K, reserved 1179648K
  class space    used 17239K, committed 17920K, reserved 1048576K
}
Event: 84.399 GC heap after
{Heap after GC invocations=65 (full 0):
 garbage-first heap   total 12140544K, used 4213936K [0x0000000400000000, 0x0000000800000000)
  region size 8192K, 10 young (81920K), 10 survivors (81920K)
 Metaspace       used 131634K, committed 133248K, reserved 1179648K
  class space    used 17239K, committed 17920K, reserved 1048576K
}
Event: 85.306 GC heap before
{Heap before GC invocations=65 (full 0):
 garbage-first heap   total 12140544K, used 4803760K [0x0000000400000000, 0x0000000800000000)
  region size 8192K, 82 young (671744K), 10 survivors (81920K)
 Metaspace       used 131635K, committed 133248K, reserved 1179648K
  class space    used 17239K, committed 17920K, reserved 1048576K
}
Event: 85.334 GC heap after
{Heap after GC invocations=66 (full 0):
 garbage-first heap   total 13492224K, used 4226160K [0x0000000400000000, 0x0000000800000000)
  region size 8192K, 2 young (16384K), 2 survivors (16384K)
 Metaspace       used 131635K, committed 133248K, reserved 1179648K
  class space    used 17239K, committed 17920K, reserved 1048576K
}
Event: 94.973 GC heap before
{Heap before GC invocations=66 (full 0):
 garbage-first heap   total 13492224K, used 5389424K [0x0000000400000000, 0x0000000800000000)
  region size 8192K, 137 young (1122304K), 2 survivors (16384K)
 Metaspace       used 131890K, committed 133504K, reserved 1179648K
  class space    used 17240K, committed 17920K, reserved 1048576K
}
Event: 94.990 GC heap after
{Heap after GC invocations=67 (full 0):
 garbage-first heap   total 13492224K, used 4290792K [0x0000000400000000, 0x0000000800000000)
  region size 8192K, 6 young (49152K), 6 survivors (49152K)
 Metaspace       used 131890K, committed 133504K, reserved 1179648K
  class space    used 17240K, committed 17920K, reserved 1048576K
}

Deoptimization events (20 events):
Event: 122.825 Thread 0x00000192b2b7d140 Uncommon trap: trap_request=0xffffffde fr.pc=0x00000192396341e4 relative=0x0000000000004a04
Event: 122.825 Thread 0x00000192b2b7d140 Uncommon trap: reason=class_check action=maybe_recompile pc=0x00000192396341e4 method=java.nio.channels.spi.AbstractInterruptibleChannel.close()V @ 23 c2
Event: 122.825 Thread 0x00000192b2b7d140 DEOPT PACKING pc=0x00000192396341e4 sp=0x0000000105ffe390
Event: 122.825 Thread 0x00000192b2b7d140 DEOPT UNPACKING pc=0x00000192388023a3 sp=0x0000000105ffe3d0 mode 2
Event: 122.826 Thread 0x00000192b2b7e070 Uncommon trap: trap_request=0xffffffde fr.pc=0x00000192396341e4 relative=0x0000000000004a04
Event: 122.826 Thread 0x00000192b2b7e070 Uncommon trap: reason=class_check action=maybe_recompile pc=0x00000192396341e4 method=java.nio.channels.spi.AbstractInterruptibleChannel.close()V @ 23 c2
Event: 122.826 Thread 0x00000192b2b7e070 DEOPT PACKING pc=0x00000192396341e4 sp=0x00000001061fed40
Event: 122.826 Thread 0x00000192b2b7e070 DEOPT UNPACKING pc=0x00000192388023a3 sp=0x00000001061fed80 mode 2
Event: 122.826 Thread 0x00000192b2b7d140 Uncommon trap: trap_request=0xffffff45 fr.pc=0x000001923943935c relative=0x000000000000005c
Event: 122.826 Thread 0x00000192b2b7d140 Uncommon trap: reason=unstable_if action=reinterpret pc=0x000001923943935c method=java.nio.channels.spi.AbstractInterruptibleChannel.isOpen()Z @ 4 c2
Event: 122.826 Thread 0x00000192b2b7d140 DEOPT PACKING pc=0x000001923943935c sp=0x0000000105ffe3e0
Event: 122.826 Thread 0x00000192b2b7d140 DEOPT UNPACKING pc=0x00000192388023a3 sp=0x0000000105ffe370 mode 2
Event: 122.829 Thread 0x00000192b2b7e070 Uncommon trap: trap_request=0xffffff45 fr.pc=0x00000192394ef928 relative=0x0000000000000a08
Event: 122.829 Thread 0x00000192b2b7e070 Uncommon trap: reason=unstable_if action=reinterpret pc=0x00000192394ef928 method=java.util.regex.Pattern$Curly.match(Ljava/util/regex/Matcher;ILjava/lang/CharSequence;)Z @ 9 c2
Event: 122.829 Thread 0x00000192b2b7e070 DEOPT PACKING pc=0x00000192394ef928 sp=0x00000001061fe470
Event: 122.829 Thread 0x00000192b2b7e070 DEOPT UNPACKING pc=0x00000192388023a3 sp=0x00000001061fe440 mode 2
Event: 1285.207 Thread 0x00000192b2b7a8c0 Uncommon trap: trap_request=0xffffff5c fr.pc=0x0000019239a41d50 relative=0x0000000000001250
Event: 1285.207 Thread 0x00000192b2b7a8c0 Uncommon trap: reason=speculate_null_check action=make_not_entrant pc=0x0000019239a41d50 method=java.util.concurrent.locks.AbstractQueuedSynchronizer.acquire(Ljava/util/concurrent/locks/AbstractQueuedSynchronizer$Node;IZZZJ)I @ 254 c2
Event: 1285.207 Thread 0x00000192b2b7a8c0 DEOPT PACKING pc=0x0000019239a41d50 sp=0x0000000105efed20
Event: 1285.207 Thread 0x00000192b2b7a8c0 DEOPT UNPACKING pc=0x00000192388023a3 sp=0x0000000105efecb0 mode 2

Classes unloaded (20 events):
Event: 6.758 Thread 0x000001926753c090 Unloading class 0x000001926cdba800 'java/lang/invoke/LambdaForm$MH+0x000001926cdba800'
Event: 6.758 Thread 0x000001926753c090 Unloading class 0x000001926cdba400 'java/lang/invoke/LambdaForm$MH+0x000001926cdba400'
Event: 6.758 Thread 0x000001926753c090 Unloading class 0x000001926cdb9c00 'java/lang/invoke/LambdaForm$MH+0x000001926cdb9c00'
Event: 6.758 Thread 0x000001926753c090 Unloading class 0x000001926cdb9800 'java/lang/invoke/LambdaForm$MH+0x000001926cdb9800'
Event: 6.758 Thread 0x000001926753c090 Unloading class 0x000001926cdb9400 'java/lang/invoke/LambdaForm$MH+0x000001926cdb9400'
Event: 6.758 Thread 0x000001926753c090 Unloading class 0x000001926cdb8800 'java/lang/invoke/LambdaForm$MH+0x000001926cdb8800'
Event: 6.758 Thread 0x000001926753c090 Unloading class 0x000001926cdb9000 'java/lang/invoke/LambdaForm$MH+0x000001926cdb9000'
Event: 6.758 Thread 0x000001926753c090 Unloading class 0x000001926cdb8400 'java/lang/invoke/LambdaForm$MH+0x000001926cdb8400'
Event: 6.758 Thread 0x000001926753c090 Unloading class 0x000001926cdb8000 'java/lang/invoke/LambdaForm$MH+0x000001926cdb8000'
Event: 6.758 Thread 0x000001926753c090 Unloading class 0x000001926cdb0c00 'java/lang/invoke/LambdaForm$MH+0x000001926cdb0c00'
Event: 6.758 Thread 0x000001926753c090 Unloading class 0x000001926cdb0400 'java/lang/invoke/LambdaForm$MH+0x000001926cdb0400'
Event: 6.758 Thread 0x000001926753c090 Unloading class 0x000001926cd91400 'java/lang/invoke/LambdaForm$MH+0x000001926cd91400'
Event: 6.758 Thread 0x000001926753c090 Unloading class 0x000001926cd91000 'java/lang/invoke/LambdaForm$MH+0x000001926cd91000'
Event: 6.758 Thread 0x000001926753c090 Unloading class 0x000001926cd90c00 'java/lang/invoke/LambdaForm$MH+0x000001926cd90c00'
Event: 6.758 Thread 0x000001926753c090 Unloading class 0x000001926cd90400 'java/lang/invoke/LambdaForm$DMH+0x000001926cd90400'
Event: 6.758 Thread 0x000001926753c090 Unloading class 0x000001926cd90000 'java/lang/invoke/LambdaForm$DMH+0x000001926cd90000'
Event: 6.758 Thread 0x000001926753c090 Unloading class 0x000001926cd8dc00 'java/lang/invoke/LambdaForm$DMH+0x000001926cd8dc00'
Event: 6.758 Thread 0x000001926753c090 Unloading class 0x000001926cd8d000 'java/lang/invoke/LambdaForm$DMH+0x000001926cd8d000'
Event: 6.758 Thread 0x000001926753c090 Unloading class 0x000001926cd8d400 'java/lang/invoke/LambdaForm$DMH+0x000001926cd8d400'
Event: 6.758 Thread 0x000001926753c090 Unloading class 0x000001926cd8c800 'java/lang/invoke/LambdaForm$DMH+0x000001926cd8c800'

Classes redefined (0 events):
No events

Internal exceptions (20 events):
Event: 80.166 Thread 0x00000192b0d442f0 Exception <a 'java/lang/ClassNotFoundException'{0x00000006bcb03df8}: scala/reflect/ScalaSignature> (0x00000006bcb03df8) 
thrown [s\open\src\hotspot\share\classfile\systemDictionary.cpp, line 256]
Event: 80.166 Thread 0x00000192b0d442f0 Exception <a 'java/lang/ClassNotFoundException'{0x00000006bcb04e78}: scala/reflect/ScalaLongSignature> (0x00000006bcb04e78) 
thrown [s\open\src\hotspot\share\classfile\systemDictionary.cpp, line 256]
Event: 80.166 Thread 0x00000192b0d442f0 Exception <a 'java/lang/ClassNotFoundException'{0x00000006bcb07870}: scala/reflect/ScalaSignature> (0x00000006bcb07870) 
thrown [s\open\src\hotspot\share\classfile\systemDictionary.cpp, line 256]
Event: 80.166 Thread 0x00000192b0d442f0 Exception <a 'java/lang/ClassNotFoundException'{0x00000006bcb088f0}: scala/reflect/ScalaLongSignature> (0x00000006bcb088f0) 
thrown [s\open\src\hotspot\share\classfile\systemDictionary.cpp, line 256]
Event: 80.166 Thread 0x00000192b0d442f0 Exception <a 'java/lang/ClassNotFoundException'{0x00000006bcb13f30}: scala/reflect/ScalaSignature> (0x00000006bcb13f30) 
thrown [s\open\src\hotspot\share\classfile\systemDictionary.cpp, line 256]
Event: 80.166 Thread 0x00000192b0d442f0 Exception <a 'java/lang/ClassNotFoundException'{0x00000006bcb14d08}: scala/reflect/ScalaLongSignature> (0x00000006bcb14d08) 
thrown [s\open\src\hotspot\share\classfile\systemDictionary.cpp, line 256]
Event: 80.167 Thread 0x00000192b0d442f0 Exception <a 'java/lang/ClassNotFoundException'{0x00000006bcb18490}: scala/reflect/ScalaSignature> (0x00000006bcb18490) 
thrown [s\open\src\hotspot\share\classfile\systemDictionary.cpp, line 256]
Event: 80.167 Thread 0x00000192b0d442f0 Exception <a 'java/lang/ClassNotFoundException'{0x00000006bcb19510}: scala/reflect/ScalaLongSignature> (0x00000006bcb19510) 
thrown [s\open\src\hotspot\share\classfile\systemDictionary.cpp, line 256]
Event: 80.167 Thread 0x00000192b0d442f0 Exception <a 'java/lang/ClassNotFoundException'{0x00000006bcb1b8d8}: scala/reflect/ScalaSignature> (0x00000006bcb1b8d8) 
thrown [s\open\src\hotspot\share\classfile\systemDictionary.cpp, line 256]
Event: 80.167 Thread 0x00000192b0d442f0 Exception <a 'java/lang/ClassNotFoundException'{0x00000006bcb1c6b0}: scala/reflect/ScalaLongSignature> (0x00000006bcb1c6b0) 
thrown [s\open\src\hotspot\share\classfile\systemDictionary.cpp, line 256]
Event: 80.167 Thread 0x00000192b0d442f0 Exception <a 'java/lang/ClassNotFoundException'{0x00000006bcb1ebf8}: scala/reflect/ScalaSignature> (0x00000006bcb1ebf8) 
thrown [s\open\src\hotspot\share\classfile\systemDictionary.cpp, line 256]
Event: 80.167 Thread 0x00000192b0d442f0 Exception <a 'java/lang/ClassNotFoundException'{0x00000006bcb1fc78}: scala/reflect/ScalaLongSignature> (0x00000006bcb1fc78) 
thrown [s\open\src\hotspot\share\classfile\systemDictionary.cpp, line 256]
Event: 80.180 Thread 0x00000192b0d442f0 Exception <a 'java/lang/ClassNotFoundException'{0x00000006bcc01038}: java/rmi> (0x00000006bcc01038) 
thrown [s\open\src\hotspot\share\classfile\systemDictionary.cpp, line 256]
Event: 80.180 Thread 0x00000192b0d442f0 Exception <a 'java/lang/ClassNotFoundException'{0x00000006bcc022c8}: java/rmi/package> (0x00000006bcc022c8) 
thrown [s\open\src\hotspot\share\classfile\systemDictionary.cpp, line 256]
Event: 80.191 Thread 0x00000192b0d442f0 Exception <a 'java/lang/ClassNotFoundException'{0x00000006bcca2d38}: java/lang/ref> (0x00000006bcca2d38) 
thrown [s\open\src\hotspot\share\classfile\systemDictionary.cpp, line 256]
Event: 80.192 Thread 0x00000192b0d442f0 Exception <a 'java/lang/ClassNotFoundException'{0x00000006bcca3fe8}: java/lang/ref/package> (0x00000006bcca3fe8) 
thrown [s\open\src\hotspot\share\classfile\systemDictionary.cpp, line 256]
Event: 80.263 Thread 0x00000192b0d442f0 Exception <a 'java/lang/ClassNotFoundException'{0x00000006bc0f1260}: java/lang/annotation> (0x00000006bc0f1260) 
thrown [s\open\src\hotspot\share\classfile\systemDictionary.cpp, line 256]
Event: 80.263 Thread 0x00000192b0d442f0 Exception <a 'java/lang/ClassNotFoundException'{0x00000006bc0f2548}: java/lang/annotation/package> (0x00000006bc0f2548) 
thrown [s\open\src\hotspot\share\classfile\systemDictionary.cpp, line 256]
Event: 80.596 Thread 0x00000192b447b7a0 Exception <a 'java/io/IOException'{0x00000006a73c74f8}> (0x00000006a73c74f8) 
thrown [s\open\src\hotspot\share\prims\jni.cpp, line 516]
Event: 100.280 Thread 0x00000192b59079b0 Exception <a 'java/net/SocketException'{0x00000007239faa78}: Socket is not connected: shutdown> (0x00000007239faa78) 
thrown [s\open\src\hotspot\share\prims\jni.cpp, line 535]

VM Operations (20 events):
Event: 1323.462 Executing VM operation: HandshakeAllThreads done
Event: 1383.559 Executing VM operation: HandshakeAllThreads
Event: 1383.559 Executing VM operation: HandshakeAllThreads done
Event: 1443.620 Executing VM operation: HandshakeAllThreads
Event: 1443.620 Executing VM operation: HandshakeAllThreads done
Event: 3049.639 Executing VM operation: Cleanup
Event: 3049.640 Executing VM operation: Cleanup done
Event: 3056.701 Executing VM operation: Cleanup
Event: 3056.701 Executing VM operation: Cleanup done
Event: 3058.711 Executing VM operation: Cleanup
Event: 3058.711 Executing VM operation: Cleanup done
Event: 3064.755 Executing VM operation: Cleanup
Event: 3064.755 Executing VM operation: Cleanup done
Event: 3108.932 Executing VM operation: HandshakeAllThreads
Event: 3108.932 Executing VM operation: HandshakeAllThreads done
Event: 3208.737 Executing VM operation: Cleanup
Event: 3208.738 Executing VM operation: Cleanup done
Event: 3289.163 Executing VM operation: HandshakeAllThreads
Event: 3289.163 Executing VM operation: HandshakeAllThreads done
Event: 3304.227 Executing VM operation: G1CollectFull

Events (20 events):
Event: 968.174 Thread 0x00000192b61afe70 Thread added: 0x00000192b61afe70
Event: 973.196 Thread 0x00000192b61afe70 Thread exited: 0x00000192b61afe70
Event: 973.196 Thread 0x00000192b61af920 Thread exited: 0x00000192b61af920
Event: 975.205 Thread 0x00000192b61ae3e0 Thread exited: 0x00000192b61ae3e0
Event: 1285.207 Thread 0x00000192b61ae3e0 Thread added: 0x00000192b61ae3e0
Event: 1285.208 Thread 0x00000192b61af920 Thread added: 0x00000192b61af920
Event: 1293.196 Thread 0x00000192b61af920 Thread exited: 0x00000192b61af920
Event: 1298.199 Thread 0x00000192b61ae3e0 Thread exited: 0x00000192b61ae3e0
Event: 3049.397 Thread 0x00000192b61ae3e0 Thread added: 0x00000192b61ae3e0
Event: 3049.397 Thread 0x00000192b61af920 Thread added: 0x00000192b61af920
Event: 3049.397 Thread 0x00000192b61afe70 Thread added: 0x00000192b61afe70
Event: 3053.974 Thread 0x00000192b61afe70 Thread exited: 0x00000192b61afe70
Event: 3053.974 Thread 0x00000192b61af920 Thread exited: 0x00000192b61af920
Event: 3058.987 Thread 0x00000192b61ae3e0 Thread exited: 0x00000192b61ae3e0
Event: 3063.938 Thread 0x00000192b61ae3e0 Thread added: 0x00000192b61ae3e0
Event: 3063.938 Thread 0x00000192b61af920 Thread added: 0x00000192b61af920
Event: 3063.938 Thread 0x00000192b61afe70 Thread added: 0x00000192b61afe70
Event: 3068.981 Thread 0x00000192b61afe70 Thread exited: 0x00000192b61afe70
Event: 3068.981 Thread 0x00000192b61af920 Thread exited: 0x00000192b61af920
Event: 3068.981 Thread 0x00000192b61ae3e0 Thread exited: 0x00000192b61ae3e0


Dynamic libraries:
0x00007ff6d91a0000 - 0x00007ff6d91b0000 	D:\JDK\jdk17\bin\java.exe
0x00007ffeee2f0000 - 0x00007ffeee507000 	C:\Windows\SYSTEM32\ntdll.dll
0x00007ffeecbd0000 - 0x00007ffeecc94000 	C:\Windows\System32\KERNEL32.DLL
0x00007ffeeb9d0000 - 0x00007ffeebda1000 	C:\Windows\System32\KERNELBASE.dll
0x00007ffeeb770000 - 0x00007ffeeb881000 	C:\Windows\System32\ucrtbase.dll
0x00007ffe8db40000 - 0x00007ffe8db59000 	D:\JDK\jdk17\bin\jli.dll
0x00007ffe78520000 - 0x00007ffe7853b000 	D:\JDK\jdk17\bin\VCRUNTIME140.dll
0x00007ffeec0b0000 - 0x00007ffeec161000 	C:\Windows\System32\ADVAPI32.dll
0x00007ffeedc70000 - 0x00007ffeedd17000 	C:\Windows\System32\msvcrt.dll
0x00007ffeec170000 - 0x00007ffeec217000 	C:\Windows\System32\sechost.dll
0x00007ffeeb740000 - 0x00007ffeeb768000 	C:\Windows\System32\bcrypt.dll
0x00007ffeed640000 - 0x00007ffeed754000 	C:\Windows\System32\RPCRT4.dll
0x00007ffeec5e0000 - 0x00007ffeec791000 	C:\Windows\System32\USER32.dll
0x00007ffeeb550000 - 0x00007ffeeb576000 	C:\Windows\System32\win32u.dll
0x00007ffed79e0000 - 0x00007ffed7c72000 	C:\Windows\WinSxS\amd64_microsoft.windows.common-controls_6595b64144ccf1df_6.0.22621.4830_none_270fe7d773858e80\COMCTL32.dll
0x00007ffeec070000 - 0x00007ffeec099000 	C:\Windows\System32\GDI32.dll
0x00007ffeeb430000 - 0x00007ffeeb54b000 	C:\Windows\System32\gdi32full.dll
0x00007ffeebf20000 - 0x00007ffeebfba000 	C:\Windows\System32\msvcp_win.dll
0x00007ffee0c40000 - 0x00007ffee0c4a000 	C:\Windows\SYSTEM32\VERSION.dll
0x00007ffeeca70000 - 0x00007ffeecaa1000 	C:\Windows\System32\IMM32.DLL
0x00007ffebc930000 - 0x00007ffebc93c000 	D:\JDK\jdk17\bin\vcruntime140_1.dll
0x00007ffe587a0000 - 0x00007ffe5882e000 	D:\JDK\jdk17\bin\msvcp140.dll
0x00007ffdecac0000 - 0x00007ffded6a0000 	D:\JDK\jdk17\bin\server\jvm.dll
0x00007ffeec0a0000 - 0x00007ffeec0a8000 	C:\Windows\System32\PSAPI.DLL
0x00007ffec1a30000 - 0x00007ffec1a39000 	C:\Windows\SYSTEM32\WSOCK32.dll
0x00007ffee5a00000 - 0x00007ffee5a34000 	C:\Windows\SYSTEM32\WINMM.dll
0x00007ffeedbf0000 - 0x00007ffeedc61000 	C:\Windows\System32\WS2_32.dll
0x00007ffeea550000 - 0x00007ffeea568000 	C:\Windows\SYSTEM32\kernel.appcore.dll
0x00007ffeba3d0000 - 0x00007ffeba3da000 	D:\JDK\jdk17\bin\jimage.dll
0x00007ffee8b80000 - 0x00007ffee8db2000 	C:\Windows\SYSTEM32\DBGHELP.DLL
0x00007ffeec220000 - 0x00007ffeec5b0000 	C:\Windows\System32\combase.dll
0x00007ffeec7a0000 - 0x00007ffeec877000 	C:\Windows\System32\OLEAUT32.dll
0x00007ffedc3c0000 - 0x00007ffedc3f2000 	C:\Windows\SYSTEM32\dbgcore.DLL
0x00007ffeeb580000 - 0x00007ffeeb5fb000 	C:\Windows\System32\bcryptPrimitives.dll
0x00007ffe58770000 - 0x00007ffe58795000 	D:\JDK\jdk17\bin\java.dll
0x00007ffe58690000 - 0x00007ffe58767000 	D:\JDK\jdk17\bin\jsvml.dll
0x00007ffeecdb0000 - 0x00007ffeed638000 	C:\Windows\System32\SHELL32.dll
0x00007ffeeb890000 - 0x00007ffeeb9cf000 	C:\Windows\System32\wintypes.dll
0x00007ffee9350000 - 0x00007ffee9c5d000 	C:\Windows\SYSTEM32\windows.storage.dll
0x00007ffeedd20000 - 0x00007ffeede2a000 	C:\Windows\System32\SHCORE.dll
0x00007ffeec010000 - 0x00007ffeec06e000 	C:\Windows\System32\shlwapi.dll
0x00007ffeeb360000 - 0x00007ffeeb38b000 	C:\Windows\SYSTEM32\profapi.dll
0x00007ffe780a0000 - 0x00007ffe780b9000 	D:\JDK\jdk17\bin\net.dll
0x00007ffee6eb0000 - 0x00007ffee6fdc000 	C:\Windows\SYSTEM32\WINHTTP.dll
0x00007ffeea9e0000 - 0x00007ffeeaa4a000 	C:\Windows\system32\mswsock.dll
0x00007ffe77310000 - 0x00007ffe77326000 	D:\JDK\jdk17\bin\nio.dll
0x00007ffe75d70000 - 0x00007ffe75d88000 	D:\JDK\jdk17\bin\zip.dll
0x00007ffeb3e80000 - 0x00007ffeb3e8a000 	D:\JDK\jdk17\bin\management.dll
0x00007ffeb3ad0000 - 0x00007ffeb3adb000 	D:\JDK\jdk17\bin\management_ext.dll
0x00007ffec53d0000 - 0x00007ffec53e7000 	C:\Windows\system32\napinsp.dll
0x00007ffec5390000 - 0x00007ffec53ab000 	C:\Windows\system32\pnrpnsp.dll
0x00007ffee9ff0000 - 0x00007ffeea0f2000 	C:\Windows\SYSTEM32\DNSAPI.dll
0x00007ffee9f70000 - 0x00007ffee9f9d000 	C:\Windows\SYSTEM32\IPHLPAPI.DLL
0x00007ffeecbc0000 - 0x00007ffeecbc9000 	C:\Windows\System32\NSI.dll
0x00007ffec5370000 - 0x00007ffec5381000 	C:\Windows\System32\winrnr.dll
0x00007ffec5350000 - 0x00007ffec5365000 	C:\Windows\system32\wshbth.dll
0x00007ffec5320000 - 0x00007ffec5347000 	C:\Windows\system32\nlansp_c.dll
0x00007ffee6910000 - 0x00007ffee691a000 	C:\Windows\System32\rasadhlp.dll
0x00007ffee5d90000 - 0x00007ffee5e13000 	C:\Windows\System32\fwpuclnt.dll
0x00007ffeafd00000 - 0x00007ffeafd10000 	D:\JDK\jdk17\bin\verify.dll
0x00007ffeeac30000 - 0x00007ffeeac4b000 	C:\Windows\SYSTEM32\CRYPTSP.dll
0x00007ffeea4a0000 - 0x00007ffeea4d7000 	C:\Windows\system32\rsaenh.dll
0x00007ffeeaad0000 - 0x00007ffeeaaf8000 	C:\Windows\SYSTEM32\USERENV.dll
0x00007ffeeac50000 - 0x00007ffeeac5c000 	C:\Windows\SYSTEM32\CRYPTBASE.dll
0x00007ffee6ac0000 - 0x00007ffee6ad9000 	C:\Windows\SYSTEM32\dhcpcsvc6.DLL
0x00007ffee6980000 - 0x00007ffee699f000 	C:\Windows\SYSTEM32\dhcpcsvc.DLL
0x00007ffeaf510000 - 0x00007ffeaf519000 	D:\JDK\jdk17\bin\jaas.dll
0x00007ffeaf0c0000 - 0x00007ffeaf0ce000 	D:\JDK\jdk17\bin\sunmscapi.dll
0x00007ffeebdb0000 - 0x00007ffeebf16000 	C:\Windows\System32\CRYPT32.dll
0x00007ffeeadd0000 - 0x00007ffeeadfd000 	C:\Windows\SYSTEM32\ncrypt.dll
0x00007ffeead90000 - 0x00007ffeeadc7000 	C:\Windows\SYSTEM32\NTASN1.dll
0x00007ffeb82e0000 - 0x00007ffeb82e8000 	C:\Windows\system32\wshunix.dll
0x0000000066f40000 - 0x0000000066fc4000 	C:\Users\MECHREVO\AppData\Local\Temp\liblz4-java-3744960773212112280.so

dbghelp: loaded successfully - version: 4.0.5 - missing functions: none
symbol engine: initialized successfully - sym options: 0x614 - pdb path: .;D:\JDK\jdk17\bin;C:\Windows\SYSTEM32;C:\Windows\WinSxS\amd64_microsoft.windows.common-controls_6595b64144ccf1df_6.0.22621.4830_none_270fe7d773858e80;D:\JDK\jdk17\bin\server;C:\Users\MECHREVO\AppData\Local\Temp

VM Arguments:
jvm_args: -Xmx16g -XX:+IgnoreUnrecognizedVMOptions --add-opens=java.base/java.lang=ALL-UNNAMED --add-opens=java.base/java.lang.invoke=ALL-UNNAMED --add-opens=java.base/java.lang.reflect=ALL-UNNAMED --add-opens=java.base/java.io=ALL-UNNAMED --add-opens=java.base/java.net=ALL-UNNAMED --add-opens=java.base/java.nio=ALL-UNNAMED --add-opens=java.base/java.util=ALL-UNNAMED --add-opens=java.base/java.util.concurrent=ALL-UNNAMED --add-opens=java.base/java.util.concurrent.atomic=ALL-UNNAMED --add-opens=java.base/jdk.internal.ref=ALL-UNNAMED --add-opens=java.base/sun.nio.ch=ALL-UNNAMED --add-opens=java.base/sun.nio.cs=ALL-UNNAMED --add-opens=java.base/sun.security.action=ALL-UNNAMED --add-opens=java.base/sun.util.calendar=ALL-UNNAMED --add-opens=java.security.jgss/sun.security.krb5=ALL-UNNAMED -Djdk.reflect.useDirectMethodHandle=false 
java_command: org.apache.spark.deploy.SparkSubmit --conf spark.executor.memory=32g --conf spark.driver.memory=16g --conf spark.local.dir=E:\Apache Spark\spark-temp --conf spark.app.name=MovieRecommender_SQL_Movielens --conf spark.jars=D:\MySQL\MySQL ConnectorJ\mysql-connector-j-8.4.0\mysql-connector-j-8.4.0\mysql-connector-j-8.4.0.jar pyspark-shell
java_class_path (initial): E:\Apache Spark\spark-3.5.3-bin-hadoop3\bin\..\conf\;E:\Apache Spark\spark-3.5.3-bin-hadoop3\jars\activation-1.1.1.jar;E:\Apache Spark\spark-3.5.3-bin-hadoop3\jars\aircompressor-0.27.jar;E:\Apache Spark\spark-3.5.3-bin-hadoop3\jars\algebra_2.12-2.0.1.jar;E:\Apache Spark\spark-3.5.3-bin-hadoop3\jars\annotations-17.0.0.jar;E:\Apache Spark\spark-3.5.3-bin-hadoop3\jars\antlr-runtime-3.5.2.jar;E:\Apache Spark\spark-3.5.3-bin-hadoop3\jars\antlr4-runtime-4.9.3.jar;E:\Apache Spark\spark-3.5.3-bin-hadoop3\jars\aopalliance-repackaged-2.6.1.jar;E:\Apache Spark\spark-3.5.3-bin-hadoop3\jars\arpack-3.0.3.jar;E:\Apache Spark\spark-3.5.3-bin-hadoop3\jars\arpack_combined_all-0.1.jar;E:\Apache Spark\spark-3.5.3-bin-hadoop3\jars\arrow-format-12.0.1.jar;E:\Apache Spark\spark-3.5.3-bin-hadoop3\jars\arrow-memory-core-12.0.1.jar;E:\Apache Spark\spark-3.5.3-bin-hadoop3\jars\arrow-memory-netty-12.0.1.jar;E:\Apache Spark\spark-3.5.3-bin-hadoop3\jars\arrow-vector-12.0.1.jar;E:\Apache Spark\spark-3.5.3-bin-hadoop3\jars\audience-annotations-0.5.0.jar;E:\Apache Spark\spark-3.5.3-bin-hadoop3\jars\avro-1.11.2.jar;E:\Apache Spark\spark-3.5.3-bin-hadoop3\jars\avro-ipc-1.11.2.jar;E:\Apache Spark\spark-3.5.3-bin-hadoop3\jars\avro-mapred-1.11.2.jar;E:\Apache Spark\spark-3.5.3-bin-hadoop3\jars\blas-3.0.3.jar;E:\Apache Spark\spark-3.5.3-bin-hadoop3\jars\bonecp-0.8.0.RELEASE.jar;E:\Apache Spark\spark-3.5.3-bin-hadoop3\jars\breeze-macros_2.12-2.1.0.jar;E:\Apache Spark\spark-3.5.3-bin-hadoop3\jars\breeze_2.12-2.1.0.jar;E:\Apache Spark\spark-3.5.3-bin-hadoop3\jars\cats-kernel_2.12-2.1.1.jar;E:\Apache Spark\spark-3.5.3-bin-hadoop3\jars\chill-java-0.10.0.jar;E:\Apache Spark\spark-3.5.3-bin-hadoop3\jars\chill_2.12-0.10.0.jar;E:\Apache Spark\spark-3.5.3-bin-hadoop3\jars\commons-cli-1.5.0.jar;E:\Apache Spark\spark-3.5.3-bin-hadoop3\jars\commons-codec-1.16.1.jar;E:\Apache Spark\spark-3.5.3-bin-hadoop3\jars\commons-collections-3.2.2.jar;E:\Apache Spark\spark-3.5.3-bin-hadoop3\jars\commo
Launcher Type: SUN_STANDARD

[Global flags]
     intx CICompilerCount                          = 12                                        {product} {ergonomic}
     uint ConcGCThreads                            = 3                                         {product} {ergonomic}
     uint G1ConcRefinementThreads                  = 13                                        {product} {ergonomic}
   size_t G1HeapRegionSize                         = 8388608                                   {product} {ergonomic}
    uintx GCDrainStackTargetSize                   = 64                                        {product} {ergonomic}
     bool IgnoreUnrecognizedVMOptions              = true                                      {product} {command line}
   size_t InitialHeapSize                          = 268435456                                 {product} {ergonomic}
   size_t MarkStackSize                            = 4194304                                   {product} {ergonomic}
   size_t MaxHeapSize                              = 17179869184                               {product} {command line}
   size_t MaxNewSize                               = 10301210624                               {product} {ergonomic}
   size_t MinHeapDeltaBytes                        = 8388608                                   {product} {ergonomic}
   size_t MinHeapSize                              = 8388608                                   {product} {ergonomic}
    uintx NonNMethodCodeHeapSize                   = 7602480                                {pd product} {ergonomic}
    uintx NonProfiledCodeHeapSize                  = 122027880                              {pd product} {ergonomic}
    uintx ProfiledCodeHeapSize                     = 122027880                              {pd product} {ergonomic}
    uintx ReservedCodeCacheSize                    = 251658240                              {pd product} {ergonomic}
     bool SegmentedCodeCache                       = true                                      {product} {ergonomic}
   size_t SoftMaxHeapSize                          = 17179869184                            {manageable} {ergonomic}
     bool UseCompressedClassPointers               = true                           {product lp64_product} {ergonomic}
     bool UseCompressedOops                        = true                           {product lp64_product} {ergonomic}
     bool UseG1GC                                  = true                                      {product} {ergonomic}
     bool UseLargePagesIndividualAllocation        = false                                  {pd product} {ergonomic}

Logging:
Log output configuration:
 #0: stdout all=warning uptime,level,tags
 #1: stderr all=off uptime,level,tags

Environment Variables:
JAVA_HOME=D:\JDK\jdk17
CLASSPATH=D:\Jmeter\apache-jmeter-5.6.2\lib\ext\ApacheJMeter_core.jar;D:\Jmeter\apache-jmeter-5.6.2\lib\jorphan.jar;D:\Jmeter\apache-jmeter-5.6.2\lib/logkit-2.0.jar;D:\Jmeter\apache-jmeter-5.6.2\lib\jorphan.jar;
PATH=E:\Python\Python311\Scripts\;E:\Python\Python311\;C:\Program Files\Common Files\Oracle\Java\javapath;C:\Windows\system32;C:\Windows;C:\Windows\System32\Wbem;C:\Windows\System32\WindowsPowerShell\v1.0\;C:\Windows\System32\OpenSSH\;D:\Xshell\;D:\Xftp\;D:\Git\Git tool\Git\cmd;D:\Git\TortoiseGit\bin;D:\Jmeter\apache-jmeter-5.6.2\bin;C:\Program Files\dotnet\;C:\Program Files\NVIDIA Corporation\NVIDIA NvDLISR;C:\Program Files (x86)\NVIDIA Corporation\PhysX\Common;D:\LoadRunner\strawberry-perl\perl\bin;E:\Maven\3.9.9\apache-maven-3.9.9\bin;E:\NodeJS\;C:\ProgramData\chocolatey\bin;%HADOOP_HOME%\bin;D:\JDK\jdk17\bin;E:\Apache Spark\spark-3.5.3-bin-hadoop3\bin;E:\Scala\bin;%PYTHONPATH%;C:\Users\MECHREVO\AppData\Local\Microsoft\WindowsApps;D:\VSCode\Microsoft VS Code\bin;D:\Fiddler;C:\Users\MECHREVO\AppData\Local\Programs\Python\Python312;C:\Users\MECHREVO\AppData\Local\Programs\Python\Python312\Scripts;C:\Users\MECHREVO\AppData\Local\Microsoft\WinGet\Packages\Schniz.fnm_Microsoft.Winget.Source_8wekyb3d8bbwe;C:\Users\MECHREVO\AppData\Roaming\npm;C:\Users\MECHREVO\AppData\Local\Muse Hub\lib;C:\Users\MECHREVO\AppData\Local\Coursier\data\bin;E:\Apache Spark\spark-3.5.3-bin-hadoop3\bin;E:\Apache Spark\spark-3.5.3-bin-hadoop3\python;E:\Apache Spark\spark-3.5.3-bin-hadoop3\python\lib\py4j-0.10.9.7-src.zip;;D:\JDK\jdk17\bin;;c:\Users\MECHREVO\.vscode\extensions\ms-python.debugpy-2025.4.1-win32-x64\bundled\scripts\noConfigScripts;c:\Users\MECHREVO\AppData\Roaming\Code\User\globalStorage\github.copilot-chat\debugCommand
USERNAME=MECHREVO
LANG=en_US.UTF-8
OS=Windows_NT
PROCESSOR_IDENTIFIER=Intel64 Family 6 Model 154 Stepping 3, GenuineIntel



---------------  S Y S T E M  ---------------

OS:
 Windows 11 , 64 bit Build 22621 (10.0.22621.4974)
OS uptime: 7 days 10:05 hours
Hyper-V role detected

CPU: total 16 (initial active 16) (8 cores per cpu, 2 threads per core) family 6 model 154 stepping 3 microcode 0x424, cx8, cmov, fxsr, ht, mmx, 3dnowpref, sse, sse2, sse3, ssse3, sse4.1, sse4.2, popcnt, lzcnt, tsc, tscinvbit, avx, avx2, aes, erms, clmul, bmi1, bmi2, adx, sha, fma, vzeroupper, clflush, clflushopt, clwb, hv

Memory: 4k page, system-wide physical 16115M (1837M free)
TotalPageFile size 65267M (AvailPageFile size 6M)
current process WorkingSet (physical memory assigned to process): 31M, peak: 4427M
current process commit charge ("private bytes"): 14151M, peak: 14152M

vm_info: Java HotSpot(TM) 64-Bit Server VM (17.0.12+8-LTS-286) for windows-amd64 JRE (17.0.12+8-LTS-286), built on Jun  5 2024 06:46:59 by "mach5one" with MS VC++ 17.6 (VS2022)

END.
